date,ROI,value,time,injection,pre
20220414,Lt_CAU,0.9954402154826798,-14,15,1.0000000093599999
20220414,Lt_CAU,0.9977709160608643,-13,15,1.0000000093599999
20220414,Lt_CAU,1.0012366876284247,-12,15,1.0000000093599999
20220414,Lt_CAU,1.0038165956042766,-11,15,1.0000000093599999
20220414,Lt_CAU,1.0022197076192236,-10,15,1.0000000093599999
20220414,Lt_CAU,1.000140399638686,-9,15,1.0000000093599999
20220414,Lt_CAU,0.9987208749519727,-8,15,1.0000000093599999
20220414,Lt_CAU,0.9977947976606408,-7,15,1.0000000093599999
20220414,Lt_CAU,0.9998661980412524,-6,15,1.0000000093599999
20220414,Lt_CAU,1.0044178075986494,-5,15,1.0000000093599999
20220414,Lt_CAU,0.9992942915466055,-4,15,1.0000000093599999
20220414,Lt_CAU,1.0019302676219328,-3,15,1.0000000093599999
20220414,Lt_CAU,1.0030281446116567,-2,15,1.0000000093599999
20220414,Lt_CAU,0.9969825055682439,-1,15,1.0000000093599999
20220414,Lt_CAU,0.9973405903648922,0,15,1.0000000093599999
20220414,Lt_CAU,0.999145200448001,1,15,1.0000000093599999
20220414,Lt_CAU,1.0007906656325996,2,15,1.0000000093599999
20220414,Lt_CAU,1.0008187996323363,3,15,1.0000000093599999
20220414,Lt_CAU,1.002495636616641,4,15,1.0000000093599999
20220414,Lt_CAU,0.9953326886836862,5,15,1.0000000093599999
20220414,Lt_CAU,0.9980856881579181,6,15,1.0000000093599999
20220414,Lt_CAU,1.0007357706331135,7,15,1.0000000093599999
20220414,Lt_CAU,1.0045057445978263,8,15,1.0000000093599999
20220414,Lt_CAU,1.0058117615856021,9,15,1.0000000093599999
20220414,Lt_CAU,1.0029040486128182,10,15,1.0000000093599999
20220414,Lt_CAU,1.000951300631096,11,15,1.0000000093599999
20220414,Lt_CAU,1.0001619166384847,12,15,1.0000000093599999
20220414,Lt_CAU,1.0041357186012898,13,15,1.0000000093599999
20220414,Lt_CAU,0.9947564707890795,14,15,1.0000000093599999
20220414,Lt_CAU,1.0042688356000438,15,15,1.0000000093599999
20220414,Lt_CAU,1.0008224946323017,16,15,1.0000000093599999
20220414,Lt_CAU,1.0048894785942346,17,15,1.0000000093599999
20220414,Lt_CAU,0.9982050563568008,18,15,1.0000000093599999
20220414,Lt_CAU,1.0005805196345665,19,15,1.0000000093599999
20220414,Lt_CAU,1.0006452706339604,20,15,1.0000000093599999
20220414,Lt_CAU,1.0008496946320469,21,15,1.0000000093599999
20220414,Lt_CAU,0.998229613456571,22,15,1.0000000093599999
20220414,Lt_CAU,1.0014267666266456,23,15,1.0000000093599999
20220414,Lt_CAU,1.0037877466045466,24,15,1.0000000093599999
20220414,Lt_CAU,1.0014353896265649,25,15,1.0000000093599999
20220414,Lt_CAU,0.9986373887527541,26,15,1.0000000093599999
20220414,Lt_CAU,0.9992349252471612,27,15,1.0000000093599999
20220414,Lt_CAU,1.0011934546288292,28,15,1.0000000093599999
20220414,Lt_CAU,1.001277039628047,29,15,1.0000000093599999
20220414,Lt_CAU,0.9978314743602975,30,15,1.0000000093599999
20220414,Lt_CAU,0.9975909099625492,31,15,1.0000000093599999
20220414,Lt_CAU,0.9991821553476551,32,15,1.0000000093599999
20220414,Lt_CAU,0.9996343757434224,33,15,1.0000000093599999
20220414,Lt_CAU,0.9957402056798718,34,15,1.0000000093599999
20220414,Lt_CAU,0.9968386993695899,35,15,1.0000000093599999
20220414,Lt_CAU,0.9995416706442901,36,15,1.0000000093599999
20220414,Lt_CAU,0.9965429212723583,37,15,1.0000000093599999
20220414,Lt_CAU,1.0025761626158871,38,15,1.0000000093599999
20220414,Lt_CAU,0.9987889633513354,39,15,1.0000000093599999
20220414,Lt_CAU,0.998288681656018,40,15,1.0000000093599999
20220414,Lt_M1_leg,1.0058856597965062,-14,15,0.9999999892666667
20220414,Lt_M1_leg,1.00012640973469,-13,15,0.9999999892666667
20220414,Lt_M1_leg,1.002538885760584,-12,15,0.9999999892666667
20220414,Lt_M1_leg,1.000333904736917,-11,15,0.9999999892666667
20220414,Lt_M1_leg,1.0011675237458648,-10,15,0.9999999892666667
20220414,Lt_M1_leg,0.9991869698246068,-9,15,0.9999999892666667
20220414,Lt_M1_leg,1.0009059827430575,-8,15,0.9999999892666667
20220414,Lt_M1_leg,0.9996343548294087,-7,15,0.9999999892666667
20220414,Lt_M1_leg,0.9977132934087893,-6,15,0.9999999892666667
20220414,Lt_M1_leg,1.0001211647346337,-5,15,0.9999999892666667
20220414,Lt_M1_leg,0.998552418817796,-4,15,0.9999999892666667
20220414,Lt_M1_leg,0.9979824903116787,-3,15,0.9999999892666667
20220414,Lt_M1_leg,0.9976135562077189,-2,15,0.9999999892666667
20220414,Lt_M1_leg,0.9994080583269799,-1,15,0.9999999892666667
20220414,Lt_M1_leg,0.9988293270207682,0,15,0.9999999892666667
20220414,Lt_M1_leg,0.9960337499907623,1,15,0.9999999892666667
20220414,Lt_M1_leg,0.9983442905155621,2,15,0.9999999892666667
20220414,Lt_M1_leg,0.9986766870191298,3,15,0.9999999892666667
20220414,Lt_M1_leg,0.99803292331222,4,15,0.9999999892666667
20220414,Lt_M1_leg,0.9970797780019897,5,15,0.9999999892666667
20220414,Lt_M1_leg,0.9941383557704183,6,15,0.9999999892666667
20220414,Lt_M1_leg,0.9948671082782403,7,15,0.9999999892666667
20220414,Lt_M1_leg,0.9978253278099919,8,15,0.9999999892666667
20220414,Lt_M1_leg,0.9968449244994688,9,15,0.9999999892666667
20220414,Lt_M1_leg,0.9972145143034358,10,15,0.9999999892666667
20220414,Lt_M1_leg,0.9975327286068513,11,15,0.9999999892666667
20220414,Lt_M1_leg,0.9965710820965297,12,15,0.9999999892666667
20220414,Lt_M1_leg,0.9957418697876295,13,15,0.9999999892666667
20220414,Lt_M1_leg,0.9959619375899914,14,15,0.9999999892666667
20220414,Lt_M1_leg,0.9962325239928957,15,15,0.9999999892666667
20220414,Lt_M1_leg,0.9961241031917321,16,15,0.9999999892666667
20220414,Lt_M1_leg,0.9980842690127711,17,15,0.9999999892666667
20220414,Lt_M1_leg,0.9969849358009717,18,15,0.9999999892666667
20220414,Lt_M1_leg,0.9949687490793312,19,15,0.9999999892666667
20220414,Lt_M1_leg,0.9944720113739995,20,15,0.9999999892666667
20220414,Lt_M1_leg,0.9948755311783307,21,15,0.9999999892666667
20220414,Lt_M1_leg,0.9931003781592773,22,15,0.9999999892666667
20220414,Lt_M1_leg,0.9950673425803894,23,15,0.9999999892666667
20220414,Lt_M1_leg,0.9967372076983126,24,15,0.9999999892666667
20220414,Lt_M1_leg,0.993924688068125,25,15,0.9999999892666667
20220414,Lt_M1_leg,0.9936855802655585,26,15,0.9999999892666667
20220414,Lt_M1_leg,0.9941376852704111,27,15,0.9999999892666667
20220414,Lt_M1_leg,0.9943379158725603,28,15,0.9999999892666667
20220414,Lt_M1_leg,0.9957669595878986,29,15,0.9999999892666667
20220414,Lt_M1_leg,0.995358827983518,30,15,0.9999999892666667
20220414,Lt_M1_leg,0.9934056209625536,31,15,0.9999999892666667
20220414,Lt_M1_leg,0.9917717086450163,32,15,0.9999999892666667
20220414,Lt_M1_leg,0.9915975327431468,33,15,0.9999999892666667
20220414,Lt_M1_leg,0.9916904675441444,34,15,0.9999999892666667
20220414,Lt_M1_leg,0.9936356315650224,35,15,0.9999999892666667
20220414,Lt_M1_leg,0.9938338728671503,36,15,0.9999999892666667
20220414,Lt_M1_leg,0.9928919891570407,37,15,0.9999999892666667
20220414,Lt_M1_leg,0.9921512225490898,38,15,0.9999999892666667
20220414,Lt_M1_leg,0.9919107327465085,39,15,0.9999999892666667
20220414,Lt_M1_leg,0.9926319377542495,40,15,0.9999999892666667
20220414,Lt_PU,0.9951622317993777,-14,15,0.9999999984933333
20220414,Lt_PU,0.9959882627006222,-13,15,0.9999999984933333
20220414,Lt_PU,0.9985558979044908,-12,15,0.9999999984933333
20220414,Lt_PU,1.0007145305077432,-11,15,0.9999999984933333
20220414,Lt_PU,0.9981821836039279,-10,15,0.9999999984933333
20220414,Lt_PU,1.0014157765087996,-9,15,0.9999999984933333
20220414,Lt_PU,0.9997643477063116,-8,15,0.9999999984933333
20220414,Lt_PU,0.9983821893042292,-7,15,0.9999999984933333
20220414,Lt_PU,1.0001977425069646,-6,15,0.9999999984933333
20220414,Lt_PU,1.001902448509533,-5,15,0.9999999984933333
20220414,Lt_PU,1.0026383235106417,-4,15,0.9999999984933333
20220414,Lt_PU,1.0039192685125715,-3,15,0.9999999984933333
20220414,Lt_PU,1.00377873451236,-2,15,0.9999999984933333
20220414,Lt_PU,0.9993881369057448,-1,15,0.9999999984933333
20220414,Lt_PU,1.0000099255066817,0,15,0.9999999984933333
20220414,Lt_PU,1.0008155815078956,1,15,0.9999999984933333
20220414,Lt_PU,1.0024269905103234,2,15,0.9999999984933333
20220414,Lt_PU,1.0022777765100985,3,15,0.9999999984933333
20220414,Lt_PU,1.0032389725115467,4,15,0.9999999984933333
20220414,Lt_PU,0.9961876884009229,5,15,0.9999999984933333
20220414,Lt_PU,0.9983860590042349,6,15,0.9999999984933333
20220414,Lt_PU,1.000582361507544,7,15,0.9999999984933333
20220414,Lt_PU,1.0071107765173801,8,15,0.9999999984933333
20220414,Lt_PU,1.003302924511643,9,15,0.9999999984933333
20220414,Lt_PU,1.003581708512063,10,15,0.9999999984933333
20220414,Lt_PU,1.0024501465103584,11,15,0.9999999984933333
20220414,Lt_PU,0.9989772660051258,12,15,0.9999999984933333
20220414,Lt_PU,1.004620315513628,13,15,0.9999999984933333
20220414,Lt_PU,0.997270308202554,14,15,0.9999999984933333
20220414,Lt_PU,1.0045238835134827,15,15,0.9999999984933333
20220414,Lt_PU,1.0016510795091544,16,15,0.9999999984933333
20220414,Lt_PU,1.0062592965160972,17,15,0.9999999984933333
20220414,Lt_PU,1.0051795305144706,18,15,0.9999999984933333
20220414,Lt_PU,1.0049698685141546,19,15,0.9999999984933333
20220414,Lt_PU,1.0064008805163107,20,15,0.9999999984933333
20220414,Lt_PU,1.0050734095143106,21,15,0.9999999984933333
20220414,Lt_PU,1.0000608875067585,22,15,0.9999999984933333
20220414,Lt_PU,0.9996118263060818,23,15,0.9999999984933333
20220414,Lt_PU,1.0021575195099173,24,15,0.9999999984933333
20220414,Lt_PU,1.0045045565134536,25,15,0.9999999984933333
20220414,Lt_PU,1.0024997625104328,26,15,0.9999999984933333
20220414,Lt_PU,1.0039103715125584,27,15,0.9999999984933333
20220414,Lt_PU,1.0022925475101208,28,15,0.9999999984933333
20220414,Lt_PU,1.0027125375107535,29,15,0.9999999984933333
20220414,Lt_PU,0.9992380409055187,30,15,0.9999999984933333
20220414,Lt_PU,0.9976996817032009,31,15,0.9999999984933333
20220414,Lt_PU,1.0019272745095704,32,15,0.9999999984933333
20220414,Lt_PU,0.9998495938064401,33,15,0.9999999984933333
20220414,Lt_PU,0.9973390943026575,34,15,0.9999999984933333
20220414,Lt_PU,1.0024127835103018,35,15,0.9999999984933333
20220414,Lt_PU,1.0050634435142956,36,15,0.9999999984933333
20220414,Lt_PU,0.9989931300051497,37,15,0.9999999984933333
20220414,Lt_PU,1.0010957545083177,38,15,0.9999999984933333
20220414,Lt_PU,0.997458166002837,39,15,0.9999999984933333
20220414,Lt_PU,0.9994931993059031,40,15,0.9999999984933333
20220414,Rt_CAU,0.9927321066503142,-14,15,0.99999998766
20220414,Rt_CAU,1.0042748973927522,-13,15,0.99999998766
20220414,Rt_CAU,0.9983758188199576,-12,15,0.99999998766
20220414,Rt_CAU,0.9989291884267862,-11,15,0.99999998766
20220414,Rt_CAU,1.0005034393462124,-10,15,0.99999998766
20220414,Rt_CAU,1.0023314283687699,-9,15,0.99999998766
20220414,Rt_CAU,0.9978423440133746,-8,15,0.99999998766
20220414,Rt_CAU,0.9999356724392062,-7,15,0.99999998766
20220414,Rt_CAU,1.0010821413533537,-6,15,0.99999998766
20220414,Rt_CAU,1.0008902213509854,-5,15,0.99999998766
20220414,Rt_CAU,1.0008458223504375,-4,15,0.99999998766
20220414,Rt_CAU,1.0015305003588864,-3,15,0.99999998766
20220414,Rt_CAU,1.0007829793496619,-2,15,0.99999998766
20220414,Rt_CAU,0.9980869284163927,-1,15,0.99999998766
20220414,Rt_CAU,1.0018565113629094,0,15,0.99999998766
20220414,Rt_CAU,0.9998406957380342,1,15,0.99999998766
20220414,Rt_CAU,0.9996005089350704,2,15,0.99999998766
20220414,Rt_CAU,1.0017844823620206,3,15,0.99999998766
20220414,Rt_CAU,0.9996155226352555,4,15,0.99999998766
20220414,Rt_CAU,0.9977820705126308,5,15,0.99999998766
20220414,Rt_CAU,1.0003017973437243,6,15,0.99999998766
20220414,Rt_CAU,1.0033262893810464,7,15,0.99999998766
20220414,Rt_CAU,1.0018734723631189,8,15,0.99999998766
20220414,Rt_CAU,0.9980339928157396,9,15,0.99999998766
20220414,Rt_CAU,0.9987424073244813,10,15,0.99999998766
20220414,Rt_CAU,1.0006480803479973,11,15,0.99999998766
20220414,Rt_CAU,1.0010909823534626,12,15,0.99999998766
20220414,Rt_CAU,0.9999794090397459,13,15,0.99999998766
20220414,Rt_CAU,1.000011098340137,14,15,0.99999998766
20220414,Rt_CAU,1.0032465453800623,15,15,0.99999998766
20220414,Rt_CAU,0.9995899919349405,16,15,0.99999998766
20220414,Rt_CAU,1.001113374353739,17,15,0.99999998766
20220414,Rt_CAU,1.0024823603706323,18,15,0.99999998766
20220414,Rt_CAU,1.000982502352124,19,15,0.99999998766
20220414,Rt_CAU,1.0022172123673605,20,15,0.99999998766
20220414,Rt_CAU,1.0015243613588107,21,15,0.99999998766
20220414,Rt_CAU,1.0006233243476919,22,15,0.99999998766
20220414,Rt_CAU,1.0016540743604114,23,15,0.99999998766
20220414,Rt_CAU,1.0004406293454373,24,15,0.99999998766
20220414,Rt_CAU,1.0007563753493338,25,15,0.99999998766
20220414,Rt_CAU,1.0008806843508677,26,15,0.99999998766
20220414,Rt_CAU,1.0034766183829016,27,15,0.99999998766
20220414,Rt_CAU,1.0027253423736309,28,15,0.99999998766
20220414,Rt_CAU,1.0019194413636858,29,15,0.99999998766
20220414,Rt_CAU,1.0004856113459923,30,15,0.99999998766
20220414,Rt_CAU,1.0009204003513577,31,15,0.99999998766
20220414,Rt_CAU,0.9996106880351958,32,15,0.99999998766
20220414,Rt_CAU,1.0013549653567204,33,15,0.99999998766
20220414,Rt_CAU,1.0025822643718652,34,15,0.99999998766
20220414,Rt_CAU,1.0017306733613567,35,15,0.99999998766
20220414,Rt_CAU,1.0031763773791966,36,15,0.99999998766
20220414,Rt_CAU,1.0015471903590925,37,15,0.99999998766
20220414,Rt_CAU,1.0013255863563577,38,15,0.99999998766
20220414,Rt_CAU,0.9999663158395844,39,15,0.99999998766
20220414,Rt_CAU,1.0000372523404597,40,15,0.99999998766
20220414,Rt_INS,0.9923558972043225,-14,15,0.9999999996933333
20220414,Rt_INS,1.0024491893074179,-13,15,0.9999999996933333
20220414,Rt_INS,0.9981300100060932,-12,15,0.9999999996933333
20220414,Rt_INS,1.0008657023069323,-11,15,0.9999999996933333
20220414,Rt_INS,1.0001295643067065,-10,15,0.9999999996933333
20220414,Rt_INS,1.0016330433071674,-9,15,0.9999999996933333
20220414,Rt_INS,1.0003297923067678,-8,15,0.9999999996933333
20220414,Rt_INS,0.9999157652066408,-7,15,0.9999999996933333
20220414,Rt_INS,0.9991648361064106,-6,15,0.9999999996933333
20220414,Rt_INS,1.0005584363068378,-5,15,0.9999999996933333
20220414,Rt_INS,1.0013669553070859,-4,15,0.9999999996933333
20220414,Rt_INS,1.0025269343074417,-3,15,0.9999999996933333
20220414,Rt_INS,0.9993761620064754,-2,15,0.9999999996933333
20220414,Rt_INS,0.9990988377063904,-1,15,0.9999999996933333
20220414,Rt_INS,1.0020988743073105,0,15,0.9999999996933333
20220414,Rt_INS,0.9987157724062729,1,15,0.9999999996933333
20220414,Rt_INS,0.9997540280065913,2,15,0.9999999996933333
20220414,Rt_INS,1.000743997306895,3,15,0.9999999996933333
20220414,Rt_INS,1.0001877323067243,4,15,0.9999999996933333
20220414,Rt_INS,0.9947277081050498,5,15,0.9999999996933333
20220414,Rt_INS,0.9951746192051869,6,15,0.9999999996933333
20220414,Rt_INS,0.9987050871062696,7,15,0.9999999996933333
20220414,Rt_INS,1.0038805243078566,8,15,0.9999999996933333
20220414,Rt_INS,0.9987333810062782,9,15,0.9999999996933333
20220414,Rt_INS,0.9993922690064803,10,15,0.9999999996933333
20220414,Rt_INS,0.996935918105727,11,15,0.9999999996933333
20220414,Rt_INS,0.9947405667050537,12,15,0.9999999996933333
20220414,Rt_INS,0.9971077858057797,13,15,0.9999999996933333
20220414,Rt_INS,0.997160703205796,14,15,0.9999999996933333
20220414,Rt_INS,0.9984485097061908,15,15,0.9999999996933333
20220414,Rt_INS,0.9964827715055881,16,15,0.9999999996933333
20220414,Rt_INS,0.9993373915064635,17,15,0.9999999996933333
20220414,Rt_INS,1.0005324163068299,18,15,0.9999999996933333
20220414,Rt_INS,0.9989115622063329,19,15,0.9999999996933333
20220414,Rt_INS,1.0001567583067146,20,15,0.9999999996933333
20220414,Rt_INS,0.9987919769062962,21,15,0.9999999996933333
20220414,Rt_INS,0.9981522747061,22,15,0.9999999996933333
20220414,Rt_INS,0.9953127736052293,23,15,0.9999999996933333
20220414,Rt_INS,0.9933174668046173,24,15,0.9999999996933333
20220414,Rt_INS,0.9988267356063069,25,15,0.9999999996933333
20220414,Rt_INS,0.995963867205429,26,15,0.9999999996933333
20220414,Rt_INS,0.9985535125062232,27,15,0.9999999996933333
20220414,Rt_INS,0.996984688405742,28,15,0.9999999996933333
20220414,Rt_INS,0.9978798287060165,29,15,0.9999999996933333
20220414,Rt_INS,0.9933016303046126,30,15,0.9999999996933333
20220414,Rt_INS,0.9924625826043552,31,15,0.9999999996933333
20220414,Rt_INS,0.9939761853048193,32,15,0.9999999996933333
20220414,Rt_INS,0.9983358340061563,33,15,0.9999999996933333
20220414,Rt_INS,0.9956646633053372,34,15,0.9999999996933333
20220414,Rt_INS,0.996867407105706,35,15,0.9999999996933333
20220414,Rt_INS,0.997734702905972,36,15,0.9999999996933333
20220414,Rt_INS,0.9929156444044942,37,15,0.9999999996933333
20220414,Rt_INS,0.9946471020050252,38,15,0.9999999996933333
20220414,Rt_INS,0.992628136804406,39,15,0.9999999996933333
20220414,Rt_INS,0.9927513671044438,40,15,0.9999999996933333
20220414,Rt_M1,1.0045512757593391,-14,15,0.8461538457133333
20220414,Rt_M1,1.0002771784207505,-13,15,0.8461538457133333
20220414,Rt_M1,0.9990113139382731,-12,15,0.8461538457133333
20220414,Rt_M1,0.9968950455917169,-11,15,0.8461538457133333
20220414,Rt_M1,0.99891108322913,-10,15,0.8461538457133333
20220414,Rt_M1,1.000236487357093,-9,15,0.8461538457133333
20220414,Rt_M1,1.0008420949574082,-8,15,0.8461538457133333
20220414,Rt_M1,1.000348953193515,-7,15,0.8461538457133333
20220414,Rt_M1,0.9988032205745285,-6,15,0.8461538457133333
20220414,Rt_M1,1.001195946093956,-5,15,0.8461538457133333
20220414,Rt_M1,0.9985281261562036,-4,15,0.8461538457133333
20220414,Rt_M1,1.000956042793831,-3,15,0.8461538457133333
20220414,Rt_M1,0.9982797915288014,-2,15,0.8461538457133333
20220414,Rt_M1,1.0022570956763266,-1,15,0.8461538457133333
20220414,Rt_M1,0.9989063447291275,0,15,0.8461538457133333
20220414,Rt_M1,0.9994057233021149,1,15,0.8461538457133333
20220414,Rt_M1,0.9943882774540482,2,15,0.8461538457133333
20220414,Rt_M1,0.9973867133919729,3,15,0.8461538457133333
20220414,Rt_M1,1.0011665122030315,4,15,0.8461538457133333
20220414,Rt_M1,0.9960387164458167,5,15,0.8461538457133333
20220414,Rt_M1,0.9994011634930217,6,15,0.8461538457133333
20220414,Rt_M1,0.9985798927471394,7,15,0.8461538457133333
20220414,Rt_M1,0.9983992094106818,8,15,0.8461538457133333
20220414,Rt_M1,1.001159275693937,9,15,0.8461538457133333
20220414,Rt_M1,1.00313323244951,10,15,0.8461538457133333
20220414,Rt_M1,1.0040771234500014,11,15,0.8461538457133333
20220414,Rt_M1,1.0014744948486465,12,15,0.8461538457133333
20220414,Rt_M1,1.006357426505734,13,15,0.8461538457133333
20220414,Rt_M1,1.0024630378946155,14,15,0.8461538457133333
20220414,Rt_M1,1.0042132930137087,15,15,0.8461538457133333
20220414,Rt_M1,1.0074156175244666,16,15,0.8461538457133333
20220414,Rt_M1,1.0053529175688474,17,15,0.8461538457133333
20220414,Rt_M1,1.0051906601960356,18,15,0.8461538457133333
20220414,Rt_M1,1.0043447402683225,19,15,0.8461538457133333
20220414,Rt_M1,1.0078064507064883,20,15,0.8461538457133333
20220414,Rt_M1,1.0053372334233848,21,15,0.8461538457133333
20220414,Rt_M1,1.006042686932843,22,15,0.8461538457133333
20220414,Rt_M1,1.0040196050681534,23,15,0.8461538457133333
20220414,Rt_M1,1.0049043221958867,24,15,0.8461538457133333
20220414,Rt_M1,1.0078245136155886,25,15,0.8461538457133333
20220414,Rt_M1,1.0034160050223846,26,15,0.8461538457133333
20220414,Rt_M1,1.0027447483674896,27,15,0.8461538457133333
20220414,Rt_M1,1.0050359753232279,28,15,0.8461538457133333
20220414,Rt_M1,1.0071513278788746,29,15,0.8461538457133333
20220414,Rt_M1,1.0037693142952957,30,15,0.8461538457133333
20220414,Rt_M1,1.0040001333135977,31,15,0.8461538457133333
20220414,Rt_M1,1.0049917242686595,32,15,0.8461538457133333
20220414,Rt_M1,1.0067467721332093,33,15,0.8461538457133333
20220414,Rt_M1,1.0036258350679483,34,15,0.8461538457133333
20220414,Rt_M1,1.0056004420598854,35,15,0.8461538457133333
20220414,Rt_M1,1.0055930457689726,36,15,0.8461538457133333
20220414,Rt_M1,1.0034210714769327,37,15,0.8461538457133333
20220414,Rt_M1,1.0105665032806526,38,15,0.8461538457133333
20220414,Rt_M1,1.0078294065792277,39,15,0.8461538457133333
20220414,Rt_M1,1.0066954742513645,40,15,0.8461538457133333
20220414,Rt_PU,0.9926567200411398,-14,15,1.0000000037866668
20220414,Rt_PU,1.00417076919754,-13,15,1.0000000037866668
20220414,Rt_PU,0.9955671930301189,-12,15,1.0000000037866668
20220414,Rt_PU,1.0001296752128424,-11,15,1.0000000037866668
20220414,Rt_PU,1.0006657332108124,-10,15,1.0000000037866668
20220414,Rt_PU,1.0012417372086313,-9,15,1.0000000037866668
20220414,Rt_PU,0.9994828489152916,-8,15,1.0000000037866668
20220414,Rt_PU,0.9980672909206517,-7,15,1.0000000037866668
20220414,Rt_PU,0.9997755644141831,-6,15,1.0000000037866668
20220414,Rt_PU,0.9995277471151215,-5,15,1.0000000037866668
20220414,Rt_PU,1.0016047572072566,-4,15,1.0000000037866668
20220414,Rt_PU,1.0038777031986497,-3,15,1.0000000037866668
20220414,Rt_PU,1.0000149442132766,-2,15,1.0000000037866668
20220414,Rt_PU,0.9993754689156982,-1,15,1.0000000037866668
20220414,Rt_PU,1.0038418471987856,0,15,1.0000000037866668
20220414,Rt_PU,1.0023185032045538,1,15,1.0000000037866668
20220414,Rt_PU,1.0016594052070495,2,15,1.0000000037866668
20220414,Rt_PU,1.0021303052052666,3,15,1.0000000037866668
20220414,Rt_PU,0.9975074811227715,4,15,1.0000000037866668
20220414,Rt_PU,0.997438710523032,5,15,1.0000000037866668
20220414,Rt_PU,1.00122098720871,6,15,1.0000000037866668
20220414,Rt_PU,1.0026012142034832,7,15,1.0000000037866668
20220414,Rt_PU,1.0040206071981086,8,15,1.0000000037866668
20220414,Rt_PU,1.0011161342091068,9,15,1.0000000037866668
20220414,Rt_PU,1.001833361206391,10,15,1.0000000037866668
20220414,Rt_PU,1.0003043082121807,11,15,1.0000000037866668
20220414,Rt_PU,0.9993899150156434,12,15,1.0000000037866668
20220414,Rt_PU,1.0001101282129163,13,15,1.0000000037866668
20220414,Rt_PU,1.000673770210782,14,15,1.0000000037866668
20220414,Rt_PU,1.00396737319831,15,15,1.0000000037866668
20220414,Rt_PU,0.9995138709151741,16,15,1.0000000037866668
20220414,Rt_PU,1.0039889451982285,17,15,1.0000000037866668
20220414,Rt_PU,1.0047439631953694,18,15,1.0000000037866668
20220414,Rt_PU,1.0041370321976677,19,15,1.0000000037866668
20220414,Rt_PU,1.006886042187258,20,15,1.0000000037866668
20220414,Rt_PU,1.0037868561989935,21,15,1.0000000037866668
20220414,Rt_PU,1.0030209692018939,22,15,1.0000000037866668
20220414,Rt_PU,1.0031122352015482,23,15,1.0000000037866668
20220414,Rt_PU,1.0008655782100557,24,15,1.0000000037866668
20220414,Rt_PU,1.0063057921894552,25,15,1.0000000037866668
20220414,Rt_PU,1.0047064661955114,26,15,1.0000000037866668
20220414,Rt_PU,1.0058454731911983,27,15,1.0000000037866668
20220414,Rt_PU,1.0040477681980058,28,15,1.0000000037866668
20220414,Rt_PU,1.0030842312016544,29,15,1.0000000037866668
20220414,Rt_PU,1.0032227672011296,30,15,1.0000000037866668
20220414,Rt_PU,1.000843800210138,31,15,1.0000000037866668
20220414,Rt_PU,1.0018265342064168,32,15,1.0000000037866668
20220414,Rt_PU,1.0028908312023868,33,15,1.0000000037866668
20220414,Rt_PU,1.0047108841954946,34,15,1.0000000037866668
20220414,Rt_PU,1.0070312481867083,35,15,1.0000000037866668
20220414,Rt_PU,1.0070337351866987,36,15,1.0000000037866668
20220414,Rt_PU,1.0018488672063321,37,15,1.0000000037866668
20220414,Rt_PU,1.0001258972128566,38,15,1.0000000037866668
20220414,Rt_PU,1.0008637762100623,39,15,1.0000000037866668
20220414,Rt_PU,1.0022673702047475,40,15,1.0000000037866668
20220513,Lt_CAU,0.9995682398417098,-4,5,1.0000000039599999
20220513,Lt_CAU,0.9992528319429589,-3,5,1.0000000039599999
20220513,Lt_CAU,1.0011827110353164,-2,5,1.0000000039599999
20220513,Lt_CAU,1.0010690650357665,-1,5,1.0000000039599999
20220513,Lt_CAU,0.9989271521442487,0,5,1.0000000039599999
20220513,Lt_CAU,1.0006807800373043,1,5,1.0000000039599999
20220513,Lt_CAU,1.0024041290304797,2,5,1.0000000039599999
20220513,Lt_CAU,1.002829826028794,3,5,1.0000000039599999
20220513,Lt_CAU,1.0014373020343084,4,5,1.0000000039599999
20220513,Lt_CAU,1.0023163910308273,5,5,1.0000000039599999
20220513,Lt_CAU,0.9971938491511124,6,5,1.0000000039599999
20220513,Lt_CAU,0.9994911114420153,7,5,1.0000000039599999
20220513,Lt_CAU,0.9997803926408697,8,5,1.0000000039599999
20220513,Lt_CAU,1.0025834200297699,9,5,1.0000000039599999
20220513,Lt_CAU,1.0008108580367892,10,5,1.0000000039599999
20220513,Lt_CAU,1.003456310026313,11,5,1.0000000039599999
20220513,Lt_CAU,0.9969180584522046,12,5,1.0000000039599999
20220513,Lt_CAU,0.9975875377495534,13,5,1.0000000039599999
20220513,Lt_CAU,0.9977447748489309,14,5,1.0000000039599999
20220513,Lt_CAU,1.001390612034493,15,5,1.0000000039599999
20220513,Lt_CAU,0.998512164745892,16,5,1.0000000039599999
20220513,Lt_CAU,1.0088995260047582,17,5,1.0000000039599999
20220513,Lt_CAU,0.9998248378406938,18,5,1.0000000039599999
20220513,Lt_CAU,1.001899556032478,19,5,1.0000000039599999
20220513,Lt_CAU,0.9990038832439447,20,5,1.0000000039599999
20220513,Lt_CAU,0.9984733820460455,21,5,1.0000000039599999
20220513,Lt_CAU,0.9983052174467114,22,5,1.0000000039599999
20220513,Lt_CAU,0.9997248411410898,23,5,1.0000000039599999
20220513,Lt_CAU,0.9994420369422097,24,5,1.0000000039599999
20220513,Lt_CAU,1.0017052450332473,25,5,1.0000000039599999
20220513,Lt_CAU,1.0017348490331301,26,5,1.0000000039599999
20220513,Lt_CAU,0.9974199493502172,27,5,1.0000000039599999
20220513,Lt_CAU,0.9985512256457373,28,5,1.0000000039599999
20220513,Lt_CAU,0.9995394508418238,29,5,1.0000000039599999
20220513,Lt_CAU,1.003108855027689,30,5,1.0000000039599999
20220513,Lt_CAU,0.9983071844467036,31,5,1.0000000039599999
20220513,Lt_CAU,1.002691464029342,32,5,1.0000000039599999
20220513,Lt_CAU,1.0037434060251762,33,5,1.0000000039599999
20220513,Lt_CAU,0.9998916745404292,34,5,1.0000000039599999
20220513,Lt_CAU,1.0037029940253364,35,5,1.0000000039599999
20220513,Lt_CAU,0.9963051239546319,36,5,1.0000000039599999
20220513,Lt_CAU,1.0009727840361478,37,5,1.0000000039599999
20220513,Lt_CAU,0.999199287143171,38,5,1.0000000039599999
20220513,Lt_CAU,0.9976306518493827,39,5,1.0000000039599999
20220513,Lt_CAU,1.0004995030380222,40,5,1.0000000039599999
20220513,Lt_CAU,0.9971963525511026,41,5,1.0000000039599999
20220513,Lt_CAU,1.0004895490380614,42,5,1.0000000039599999
20220513,Lt_CAU,0.9977955381487298,43,5,1.0000000039599999
20220513,Lt_CAU,1.0012258850351456,44,5,1.0000000039599999
20220513,Lt_CAU,0.9995394905418238,45,5,1.0000000039599999
20220513,Lt_CAU,1.0022102950312473,46,5,1.0000000039599999
20220513,Lt_CAU,0.9997613589409451,47,5,1.0000000039599999
20220513,Lt_CAU,0.998672739645256,48,5,1.0000000039599999
20220513,Lt_CAU,1.0009691280361623,49,5,1.0000000039599999
20220513,Lt_CAU,1.0024608330302553,50,5,1.0000000039599999
20220513,Lt_CAU,0.9973024885506823,51,5,1.0000000039599999
20220513,Lt_CAU,0.9994494080421805,52,5,1.0000000039599999
20220513,Lt_CAU,0.9964506785540554,53,5,1.0000000039599999
20220513,Lt_CAU,1.0017663200330056,54,5,1.0000000039599999
20220513,Lt_CAU,1.0012486740350555,55,5,1.0000000039599999
20220513,Lt_CAU,0.9986444076453682,56,5,1.0000000039599999
20220513,Lt_CAU,1.0044300120224572,57,5,1.0000000039599999
20220513,Lt_CAU,1.000846263036649,58,5,1.0000000039599999
20220513,Lt_CAU,1.0006851710372868,59,5,1.0000000039599999
20220513,Lt_CAU,1.0016076920336336,60,5,1.0000000039599999
20220513,Lt_M1_leg,1.0020461558233034,-4,5,1.00000000816
20220513,Lt_M1_leg,1.0025436198192441,-3,5,1.00000000816
20220513,Lt_M1_leg,1.0012608128297118,-2,5,1.00000000816
20220513,Lt_M1_leg,0.9950489394804006,-1,5,1.00000000816
20220513,Lt_M1_leg,0.9991004720473401,0,5,1.00000000816
20220513,Lt_M1_leg,1.0018014458253002,1,5,1.00000000816
20220513,Lt_M1_leg,1.0033035498130431,2,5,1.00000000816
20220513,Lt_M1_leg,1.0011739018304209,3,5,1.00000000816
20220513,Lt_M1_leg,0.9956966296751154,4,5,1.00000000816
20220513,Lt_M1_leg,0.9982812881540246,5,5,1.00000000816
20220513,Lt_M1_leg,1.0026181708186357,6,5,1.00000000816
20220513,Lt_M1_leg,0.997343245161679,7,5,1.00000000816
20220513,Lt_M1_leg,0.9961021125718068,8,5,1.00000000816
20220513,Lt_M1_leg,0.9968999580652963,9,5,1.00000000816
20220513,Lt_M1_leg,0.9962149776708857,10,5,1.00000000816
20220513,Lt_M1_leg,0.9958776414736384,11,5,1.00000000816
20220513,Lt_M1_leg,1.000528688835686,12,5,1.00000000816
20220513,Lt_M1_leg,0.9997462809420703,13,5,1.00000000816
20220513,Lt_M1_leg,0.9937020607913912,14,5,1.00000000816
20220513,Lt_M1_leg,0.9919573956056276,15,5,1.00000000816
20220513,Lt_M1_leg,0.9942871474866168,16,5,1.00000000816
20220513,Lt_M1_leg,0.995339217878032,17,5,1.00000000816
20220513,Lt_M1_leg,0.9933719180940852,18,5,1.00000000816
20220513,Lt_M1_leg,0.9967058592668802,19,5,1.00000000816
20220513,Lt_M1_leg,0.9999143287406991,20,5,1.00000000816
20220513,Lt_M1_leg,1.0012922508294553,21,5,1.00000000816
20220513,Lt_M1_leg,0.991793382306966,22,5,1.00000000816
20220513,Lt_M1_leg,0.9966462173673669,23,5,1.00000000816
20220513,Lt_M1_leg,0.9909286306140224,24,5,1.00000000816
20220513,Lt_M1_leg,0.9960375905723332,25,5,1.00000000816
20220513,Lt_M1_leg,0.995035293780512,26,5,1.00000000816
20220513,Lt_M1_leg,0.9978018805579366,27,5,1.00000000816
20220513,Lt_M1_leg,0.9939487569893781,28,5,1.00000000816
20220513,Lt_M1_leg,0.9972275786626229,29,5,1.00000000816
20220513,Lt_M1_leg,0.9950717606802144,30,5,1.00000000816
20220513,Lt_M1_leg,0.9984745413524477,31,5,1.00000000816
20220513,Lt_M1_leg,0.9943558678860561,32,5,1.00000000816
20220513,Lt_M1_leg,0.9966583617672677,33,5,1.00000000816
20220513,Lt_M1_leg,0.9992217563463505,34,5,1.00000000816
20220513,Lt_M1_leg,0.9935980730922398,35,5,1.00000000816
20220513,Lt_M1_leg,0.9954333000772643,36,5,1.00000000816
20220513,Lt_M1_leg,0.9939509250893604,37,5,1.00000000816
20220513,Lt_M1_leg,0.9958765425736474,38,5,1.00000000816
20220513,Lt_M1_leg,0.9882659906357495,39,5,1.00000000816
20220513,Lt_M1_leg,0.9960304119723918,40,5,1.00000000816
20220513,Lt_M1_leg,0.9921009273044564,41,5,1.00000000816
20220513,Lt_M1_leg,0.9928054579987075,42,5,1.00000000816
20220513,Lt_M1_leg,0.9954989955767282,43,5,1.00000000816
20220513,Lt_M1_leg,0.9954875216768218,44,5,1.00000000816
20220513,Lt_M1_leg,0.9942190416871726,45,5,1.00000000816
20220513,Lt_M1_leg,0.9908173301149306,46,5,1.00000000816
20220513,Lt_M1_leg,0.9936331056919538,47,5,1.00000000816
20220513,Lt_M1_leg,0.9974407621608834,48,5,1.00000000816
20220513,Lt_M1_leg,0.9941158883880143,49,5,1.00000000816
20220513,Lt_M1_leg,0.989957477221947,50,5,1.00000000816
20220513,Lt_M1_leg,0.995019841280638,51,5,1.00000000816
20220513,Lt_M1_leg,0.9982994340538766,52,5,1.00000000816
20220513,Lt_M1_leg,0.992745350399198,53,5,1.00000000816
20220513,Lt_M1_leg,0.9938496456901869,54,5,1.00000000816
20220513,Lt_M1_leg,0.9939402036894479,55,5,1.00000000816
20220513,Lt_M1_leg,0.9893091650272372,56,5,1.00000000816
20220513,Lt_M1_leg,0.9914948040094024,57,5,1.00000000816
20220513,Lt_M1_leg,0.9935223304928579,58,5,1.00000000816
20220513,Lt_M1_leg,0.9927808672989081,59,5,1.00000000816
20220513,Lt_M1_leg,0.987550861541585,60,5,1.00000000816
20220513,Lt_PU,1.0011878382026131,-4,5,0.9999999978
20220513,Lt_PU,1.0008193762018025,-3,5,0.9999999978
20220513,Lt_PU,0.9985853592968877,-2,5,0.9999999978
20220513,Lt_PU,1.00098636720217,-1,5,0.9999999978
20220513,Lt_PU,0.9984210590965263,0,5,0.9999999978
20220513,Lt_PU,1.0044928742098842,1,5,0.9999999978
20220513,Lt_PU,1.0024177962053191,2,5,0.9999999978
20220513,Lt_PU,0.9983761377964275,3,5,0.9999999978
20220513,Lt_PU,1.0024216882053276,4,5,0.9999999978
20220513,Lt_PU,0.9995023721989051,5,5,0.9999999978
20220513,Lt_PU,0.9996352996991976,6,5,0.9999999978
20220513,Lt_PU,1.0009423382020732,7,5,0.9999999978
20220513,Lt_PU,0.9994906621988794,8,5,0.9999999978
20220513,Lt_PU,0.9999325961998516,9,5,0.9999999978
20220513,Lt_PU,1.00696360321532,10,5,0.9999999978
20220513,Lt_PU,0.9989306604976474,11,5,0.9999999978
20220513,Lt_PU,0.9988443666974576,12,5,0.9999999978
20220513,Lt_PU,0.9984163227965158,13,5,0.9999999978
20220513,Lt_PU,1.0034761522076474,14,5,0.9999999978
20220513,Lt_PU,0.998447321796584,15,5,0.9999999978
20220513,Lt_PU,0.9964963333922919,16,5,0.9999999978
20220513,Lt_PU,1.006747312214844,17,5,0.9999999978
20220513,Lt_PU,1.003415552207514,18,5,0.9999999978
20220513,Lt_PU,1.0048289392106238,19,5,0.9999999978
20220513,Lt_PU,1.0050189132110416,20,5,0.9999999978
20220513,Lt_PU,1.0026628952058585,21,5,0.9999999978
20220513,Lt_PU,1.0014694172032328,22,5,0.9999999978
20220513,Lt_PU,1.0018466272040625,23,5,0.9999999978
20220513,Lt_PU,0.9988677958975091,24,5,0.9999999978
20220513,Lt_PU,0.9991898787982177,25,5,0.9999999978
20220513,Lt_PU,0.9976532595948371,26,5,0.9999999978
20220513,Lt_PU,1.0031028662068262,27,5,0.9999999978
20220513,Lt_PU,1.0003002492006605,28,5,0.9999999978
20220513,Lt_PU,1.0037400992082284,29,5,0.9999999978
20220513,Lt_PU,1.00744999321639,30,5,0.9999999978
20220513,Lt_PU,1.0019671432043276,31,5,0.9999999978
20220513,Lt_PU,1.0055905832122993,32,5,0.9999999978
20220513,Lt_PU,1.0031154892068541,33,5,0.9999999978
20220513,Lt_PU,1.0032861162072295,34,5,0.9999999978
20220513,Lt_PU,1.004561834210036,35,5,0.9999999978
20220513,Lt_PU,1.0018795522041348,36,5,0.9999999978
20220513,Lt_PU,1.0074320502163505,37,5,0.9999999978
20220513,Lt_PU,1.0011391572025061,38,5,0.9999999978
20220513,Lt_PU,1.0036725262080795,39,5,0.9999999978
20220513,Lt_PU,1.0014074792030965,40,5,0.9999999978
20220513,Lt_PU,0.9974979619944955,41,5,0.9999999978
20220513,Lt_PU,1.0049449482108788,42,5,0.9999999978
20220513,Lt_PU,1.0017811772039187,43,5,0.9999999978
20220513,Lt_PU,1.003337699207343,44,5,0.9999999978
20220513,Lt_PU,1.0054540062119988,45,5,0.9999999978
20220513,Lt_PU,1.0056339502123948,46,5,0.9999999978
20220513,Lt_PU,1.000970563202135,47,5,0.9999999978
20220513,Lt_PU,1.002378152205232,48,5,0.9999999978
20220513,Lt_PU,1.0010798982023759,49,5,0.9999999978
20220513,Lt_PU,1.0028094582061808,50,5,0.9999999978
20220513,Lt_PU,1.002529151205564,51,5,0.9999999978
20220513,Lt_PU,1.0066637002146601,52,5,0.9999999978
20220513,Lt_PU,1.0015330912033729,53,5,0.9999999978
20220513,Lt_PU,1.0045428412099942,54,5,0.9999999978
20220513,Lt_PU,1.0011733192025811,55,5,0.9999999978
20220513,Lt_PU,1.004683650210304,56,5,0.9999999978
20220513,Lt_PU,1.0040201842088445,57,5,0.9999999978
20220513,Lt_PU,1.0028694522063126,58,5,0.9999999978
20220513,Lt_PU,1.000679543201495,59,5,0.9999999978
20220513,Lt_PU,1.005890046212958,60,5,0.9999999978
20220513,Rt_CAU,1.002619063659191,-4,5,0.9999999773999999
20220513,Rt_CAU,0.999642785491927,-3,5,0.9999999773999999
20220513,Rt_CAU,0.9999046087978443,-2,5,0.9999999773999999
20220513,Rt_CAU,1.0011640946263085,-1,5,0.9999999773999999
20220513,Rt_CAU,0.9966694474247296,0,5,0.9999999773999999
20220513,Rt_CAU,0.9995220131891976,1,5,0.9999999773999999
20220513,Rt_CAU,1.0012780786288848,2,5,0.9999999773999999
20220513,Rt_CAU,0.9973792593407713,3,5,0.9999999773999999
20220513,Rt_CAU,0.9996854689928917,4,5,0.9999999773999999
20220513,Rt_CAU,0.9948871029844486,5,5,0.9999999773999999
20220513,Rt_CAU,0.9989392121760263,6,5,0.9999999773999999
20220513,Rt_CAU,0.9977667557495288,7,5,0.9999999773999999
20220513,Rt_CAU,0.9975125816437844,8,5,0.9999999773999999
20220513,Rt_CAU,1.000736053616635,9,5,0.9999999773999999
20220513,Rt_CAU,0.9994826608883082,10,5,0.9999999773999999
20220513,Rt_CAU,0.9962770038158604,11,5,0.9999999773999999
20220513,Rt_CAU,0.9990802765792144,12,5,0.9999999773999999
20220513,Rt_CAU,0.9979590005538735,13,5,0.9999999773999999
20220513,Rt_CAU,0.9995410402896276,14,5,0.9999999773999999
20220513,Rt_CAU,0.9962704473157122,15,5,0.9999999773999999
20220513,Rt_CAU,0.9957054549029434,16,5,0.9999999773999999
20220513,Rt_CAU,1.0012718736287445,17,5,0.9999999773999999
20220513,Rt_CAU,0.9981192575574953,18,5,0.9999999773999999
20220513,Rt_CAU,1.0002472826055888,19,5,0.9999999773999999
20220513,Rt_CAU,0.997541721644443,20,5,0.9999999773999999
20220513,Rt_CAU,0.9955188525987262,21,5,0.9999999773999999
20220513,Rt_CAU,0.9991729749813094,22,5,0.9999999773999999
20220513,Rt_CAU,0.9956624468019714,23,5,0.9999999773999999
20220513,Rt_CAU,0.9965589271222318,24,5,0.9999999773999999
20220513,Rt_CAU,0.9943105471714185,25,5,0.9999999773999999
20220513,Rt_CAU,0.9965286083215467,26,5,0.9999999773999999
20220513,Rt_CAU,0.9964227504191542,27,5,0.9999999773999999
20220513,Rt_CAU,0.9978764746520083,28,5,0.9999999773999999
20220513,Rt_CAU,0.9962589370154521,29,5,0.9999999773999999
20220513,Rt_CAU,1.0032446146733283,30,5,0.9999999773999999
20220513,Rt_CAU,0.9924738830299098,31,5,0.9999999773999999
20220513,Rt_CAU,1.0004224536095476,32,5,0.9999999773999999
20220513,Rt_CAU,1.0001300536029394,33,5,0.9999999773999999
20220513,Rt_CAU,1.0014162486320073,34,5,0.9999999773999999
20220513,Rt_CAU,1.0019046956430462,35,5,0.9999999773999999
20220513,Rt_CAU,0.9958221012055796,36,5,0.9999999773999999
20220513,Rt_CAU,1.0019591476442768,37,5,0.9999999773999999
20220513,Rt_CAU,0.9960712486112103,38,5,0.9999999773999999
20220513,Rt_CAU,0.9945092756759097,39,5,0.9999999773999999
20220513,Rt_CAU,0.9973733915406386,40,5,0.9999999773999999
20220513,Rt_CAU,0.997205127636836,41,5,0.9999999773999999
20220513,Rt_CAU,0.999514867289036,42,5,0.9999999773999999
20220513,Rt_CAU,0.9966613544245466,43,5,0.9999999773999999
20220513,Rt_CAU,0.9953511250949355,44,5,0.9999999773999999
20220513,Rt_CAU,0.9981196681575046,45,5,0.9999999773999999
20220513,Rt_CAU,1.0028058646634126,46,5,0.9999999773999999
20220513,Rt_CAU,0.9966036902232435,47,5,0.9999999773999999
20220513,Rt_CAU,0.99696407983138835,48,5,0.9999999773999999
20220513,Rt_CAU,0.999464640387901,49,5,0.9999999773999999
20220513,Rt_CAU,0.9985162642664677,50,5,0.9999999773999999
20220513,Rt_CAU,0.9987679614721561,51,5,0.9999999773999999
20220513,Rt_CAU,0.9944819502752922,52,5,0.9999999773999999
20220513,Rt_CAU,0.9943046595712854,53,5,0.9999999773999999
20220513,Rt_CAU,1.00101017562283,54,5,0.9999999773999999
20220513,Rt_CAU,0.9996783826927316,55,5,0.9999999773999999
20220513,Rt_CAU,0.9975947896456423,56,5,0.9999999773999999
20220513,Rt_CAU,1.0006823496154211,57,5,0.9999999773999999
20220513,Rt_CAU,0.9949846624866534,58,5,0.9999999773999999
20220513,Rt_CAU,0.997750311449157,59,5,0.9999999773999999
20220513,Rt_CAU,0.9982416987602625,60,5,0.9999999773999999
20220513,Rt_INS,0.9950283747860795,-4,5,0.9999999972
20220513,Rt_INS,1.0017097708047873,-3,5,0.9999999972
20220513,Rt_INS,1.000673209801885,-2,5,0.9999999972
20220513,Rt_INS,0.9991311137975671,-1,5,0.9999999972
20220513,Rt_INS,1.0034575308096811,0,5,0.9999999972
20220513,Rt_INS,1.0087782588245793,1,5,0.9999999972
20220513,Rt_INS,1.0017361598048613,2,5,0.9999999972
20220513,Rt_INS,1.0050267028140747,3,5,0.9999999972
20220513,Rt_INS,1.0050375448141051,4,5,0.9999999972
20220513,Rt_INS,1.001742486804879,5,5,0.9999999972
20220513,Rt_INS,1.0028776208080574,6,5,0.9999999972
20220513,Rt_INS,1.0026881108075267,7,5,0.9999999972
20220513,Rt_INS,1.0055056748154159,8,5,0.9999999972
20220513,Rt_INS,1.0002594898007264,9,5,0.9999999972
20220513,Rt_INS,1.0088729108248442,10,5,0.9999999972
20220513,Rt_INS,1.0014955018041873,11,5,0.9999999972
20220513,Rt_INS,1.0052312888146475,12,5,0.9999999972
20220513,Rt_INS,1.0047737158133665,13,5,0.9999999972
20220513,Rt_INS,1.0047740228133673,14,5,0.9999999972
20220513,Rt_INS,1.0047186938132124,15,5,0.9999999972
20220513,Rt_INS,1.0039552108110747,16,5,0.9999999972
20220513,Rt_INS,1.0106912738299356,17,5,0.9999999972
20220513,Rt_INS,1.003947150811052,18,5,0.9999999972
20220513,Rt_INS,1.0059045668165327,19,5,0.9999999972
20220513,Rt_INS,1.0022573228063205,20,5,0.9999999972
20220513,Rt_INS,1.006397474817913,21,5,0.9999999972
20220513,Rt_INS,0.9999213888997799,22,5,0.9999999972
20220513,Rt_INS,1.0051859028145207,23,5,0.9999999972
20220513,Rt_INS,0.9997201933992165,24,5,0.9999999972
20220513,Rt_INS,1.0068005898190417,25,5,0.9999999972
20220513,Rt_INS,0.9971954872921474,26,5,0.9999999972
20220513,Rt_INS,1.0011742278032878,27,5,0.9999999972
20220513,Rt_INS,1.001320394803697,28,5,0.9999999972
20220513,Rt_INS,1.0015522938043466,29,5,0.9999999972
20220513,Rt_INS,1.0066959108187485,30,5,0.9999999972
20220513,Rt_INS,0.9988552221967947,31,5,0.9999999972
20220513,Rt_INS,1.001848271805175,32,5,0.9999999972
20220513,Rt_INS,0.9993708275982383,33,5,0.9999999972
20220513,Rt_INS,1.0047142968132001,34,5,0.9999999972
20220513,Rt_INS,1.0022711228063592,35,5,0.9999999972
20220513,Rt_INS,1.0067013688187638,36,5,0.9999999972
20220513,Rt_INS,1.0039127658109557,37,5,0.9999999972
20220513,Rt_INS,1.0035586978099642,38,5,0.9999999972
20220513,Rt_INS,0.9975366780931028,39,5,0.9999999972
20220513,Rt_INS,1.0040006438112017,40,5,0.9999999972
20220513,Rt_INS,1.0018466078051704,41,5,0.9999999972
20220513,Rt_INS,1.0026052488072945,42,5,0.9999999972
20220513,Rt_INS,1.0032058038089762,43,5,0.9999999972
20220513,Rt_INS,0.9992752125979706,44,5,0.9999999972
20220513,Rt_INS,1.0002101208005885,45,5,0.9999999972
20220513,Rt_INS,1.003856450810798,46,5,0.9999999972
20220513,Rt_INS,1.0070415078197161,47,5,0.9999999972
20220513,Rt_INS,0.999932837499812,48,5,0.9999999972
20220513,Rt_INS,1.0006879988019264,49,5,0.9999999972
20220513,Rt_INS,0.9968861002912811,50,5,0.9999999972
20220513,Rt_INS,1.0039811808111474,51,5,0.9999999972
20220513,Rt_INS,1.0049036608137303,52,5,0.9999999972
20220513,Rt_INS,1.0032730868091646,53,5,0.9999999972
20220513,Rt_INS,1.0000002618000006,54,5,0.9999999972
20220513,Rt_INS,1.003939658811031,55,5,0.9999999972
20220513,Rt_INS,0.9986297676961634,56,5,0.9999999972
20220513,Rt_INS,1.0071572438200402,57,5,0.9999999972
20220513,Rt_INS,1.0032951978092266,58,5,0.9999999972
20220513,Rt_INS,1.0036070188100996,59,5,0.9999999972
20220513,Rt_INS,1.0051891398145294,60,5,0.9999999972
20220513,Rt_M1,1.0031843900835136,-4,5,0.96153845468
20220513,Rt_M1,0.997606553987728,-3,5,0.96153845468
20220513,Rt_M1,0.9960348486725173,-2,5,0.96153845468
20220513,Rt_M1,0.9978242087252805,-1,5,0.96153845468
20220513,Rt_M1,1.0053499985309604,0,5,0.96153845468
20220513,Rt_M1,0.9963582062028238,1,5,0.96153845468
20220513,Rt_M1,1.0018127155617298,2,5,0.96153845468
20220513,Rt_M1,1.0022514843888595,3,5,0.96153845468
20220513,Rt_M1,0.9990063237977124,4,5,0.96153845468
20220513,Rt_M1,1.0049087643838133,5,5,0.96153845468
20220513,Rt_M1,1.0100078750601842,6,5,0.96153845468
20220513,Rt_M1,0.9963326191866414,7,5,0.96153845468
20220513,Rt_M1,1.0039249110647956,8,5,0.96153845468
20220513,Rt_M1,0.9973647570020034,9,5,0.96153845468
20220513,Rt_M1,1.0055216503241848,10,5,0.96153845468
20220513,Rt_M1,0.9973877548341673,11,5,0.96153845468
20220513,Rt_M1,1.005085787777076,12,5,0.96153845468
20220513,Rt_M1,0.9989727043414725,13,5,0.96153845468
20220513,Rt_M1,1.000274927558761,14,5,0.96153845468
20220513,Rt_M1,1.000861535090945,15,5,0.96153845468
20220513,Rt_M1,0.9999087833881494,16,5,0.96153845468
20220513,Rt_M1,0.9983065915127212,17,5,0.96153845468
20220513,Rt_M1,0.9946259307104678,18,5,0.96153845468
20220513,Rt_M1,1.0033469558126733,19,5,0.96153845468
20220513,Rt_M1,0.9955036210367283,20,5,0.96153845468
20220513,Rt_M1,1.0019989943310583,21,5,0.96153845468
20220513,Rt_M1,0.9979054713098601,22,5,0.96153845468
20220513,Rt_M1,1.0107907701137684,23,5,0.96153845468
20220513,Rt_M1,0.9974121189143411,24,5,0.96153845468
20220513,Rt_M1,1.0054651284037817,25,5,0.96153845468
20220513,Rt_M1,0.9985756897466407,26,5,0.96153845468
20220513,Rt_M1,1.0005398678726507,27,5,0.96153845468
20220513,Rt_M1,0.9993551325202003,28,5,0.96153845468
20220513,Rt_M1,1.0037714671757012,29,5,0.96153845468
20220513,Rt_M1,0.9935837386950341,30,5,0.96153845468
20220513,Rt_M1,1.0045555687332939,31,5,0.96153845468
20220513,Rt_M1,0.9980704188470367,32,5,0.96153845468
20220513,Rt_M1,1.0019832157629458,33,5,0.96153845468
20220513,Rt_M1,0.9954430317802961,34,5,0.96153845468
20220513,Rt_M1,1.0020970893157581,35,5,0.96153845468
20220513,Rt_M1,1.001715891353039,36,5,0.96153845468
20220513,Rt_M1,0.9989024233249711,37,5,0.96153845468
20220513,Rt_M1,1.0084382129289882,38,5,0.96153845468
20220513,Rt_M1,1.0001287531657184,39,5,0.96153845468
20220513,Rt_M1,1.0021646880682402,40,5,0.96153845468
20220513,Rt_M1,1.0010880923325611,41,5,0.96153845468
20220513,Rt_M1,0.9980312323747572,42,5,0.96153845468
20220513,Rt_M1,0.9987363719317868,43,5,0.96153845468
20220513,Rt_M1,1.0072950006168337,44,5,0.96153845468
20220513,Rt_M1,1.0036110329265568,45,5,0.96153845468
20220513,Rt_M1,1.000375883583481,46,5,0.96153845468
20220513,Rt_M1,1.0011819935172308,47,5,0.96153845468
20220513,Rt_M1,1.001179628349214,48,5,0.96153845468
20220513,Rt_M1,1.0042481470191011,49,5,0.96153845468
20220513,Rt_M1,1.000656678697484,50,5,0.96153845468
20220513,Rt_M1,1.0049676227682331,51,5,0.96153845468
20220513,Rt_M1,1.0099550247558071,52,5,0.96153845468
20220513,Rt_M1,1.000942256459521,53,5,0.96153845468
20220513,Rt_M1,1.0012882614459888,54,5,0.96153845468
20220513,Rt_M1,1.009335036343385,55,5,0.96153845468
20220513,Rt_M1,1.0067917299492442,56,5,0.96153845468
20220513,Rt_M1,0.9971265577923043,57,5,0.96153845468
20220513,Rt_M1,1.003538451222039,58,5,0.96153845468
20220513,Rt_M1,0.9972505211131885,59,5,0.96153845468
20220513,Rt_M1,1.0008591866669283,60,5,0.96153845468
20220513,Rt_PU,1.0048848572911375,-4,5,0.99999999772
20220513,Rt_PU,1.0010867202824778,-3,5,0.99999999772
20220513,Rt_PU,0.9985322625766535,-2,5,0.99999999772
20220513,Rt_PU,0.999631189079159,-1,5,0.99999999772
20220513,Rt_PU,0.995864970770572,0,5,0.99999999772
20220513,Rt_PU,1.0023301872853128,1,5,0.99999999772
20220513,Rt_PU,1.0023862672854407,2,5,0.99999999772
20220513,Rt_PU,0.9989753053776637,3,5,0.99999999772
20220513,Rt_PU,1.0000199882800456,4,5,0.99999999772
20220513,Rt_PU,0.9965211204720681,5,5,0.99999999772
20220513,Rt_PU,0.999648672179199,6,5,0.99999999772
20220513,Rt_PU,0.9989168913775305,7,5,0.99999999772
20220513,Rt_PU,0.9974582871742048,8,5,0.99999999772
20220513,Rt_PU,1.0015095552834417,9,5,0.99999999772
20220513,Rt_PU,0.9986284833768729,10,5,0.99999999772
20220513,Rt_PU,0.9988584235773972,11,5,0.99999999772
20220513,Rt_PU,1.0016558732837755,12,5,0.99999999772
20220513,Rt_PU,0.9994060346786457,13,5,0.99999999772
20220513,Rt_PU,1.001373619283132,14,5,0.99999999772
20220513,Rt_PU,0.9945936312676735,15,5,0.99999999772
20220513,Rt_PU,0.9940261049663796,16,5,0.99999999772
20220513,Rt_PU,1.001292524282947,17,5,0.99999999772
20220513,Rt_PU,1.0005085342811595,18,5,0.99999999772
20220513,Rt_PU,1.0015736332835878,19,5,0.99999999772
20220513,Rt_PU,1.0000288592800657,20,5,0.99999999772
20220513,Rt_PU,0.9980075745754573,21,5,0.99999999772
20220513,Rt_PU,1.005432884292387,22,5,0.99999999772
20220513,Rt_PU,0.9947244969679718,23,5,0.99999999772
20220513,Rt_PU,0.9954869304697102,24,5,0.99999999772
20220513,Rt_PU,0.9963730901717306,25,5,0.99999999772
20220513,Rt_PU,1.0021348022848675,26,5,0.99999999772
20220513,Rt_PU,1.0005405452812324,27,5,0.99999999772
20220513,Rt_PU,0.9990562092778481,28,5,0.99999999772
20220513,Rt_PU,0.9981869278758662,29,5,0.99999999772
20220513,Rt_PU,1.0002524152805754,30,5,0.99999999772
20220513,Rt_PU,0.9955091368697608,31,5,0.99999999772
20220513,Rt_PU,1.004710945290741,32,5,0.99999999772
20220513,Rt_PU,1.0077879272977563,33,5,0.99999999772
20220513,Rt_PU,1.0016076772836655,34,5,0.99999999772
20220513,Rt_PU,1.0061019342939124,35,5,0.99999999772
20220513,Rt_PU,0.9997989107795414,36,5,0.99999999772
20220513,Rt_PU,1.002474175285641,37,5,0.99999999772
20220513,Rt_PU,0.9993840827785957,38,5,0.99999999772
20220513,Rt_PU,1.0001524652803477,39,5,0.99999999772
20220513,Rt_PU,1.0010971822825014,40,5,0.99999999772
20220513,Rt_PU,0.9975362762743827,41,5,0.99999999772
20220513,Rt_PU,1.0010762002824538,42,5,0.99999999772
20220513,Rt_PU,1.0016347742837273,43,5,0.99999999772
20220513,Rt_PU,0.9972161207736527,44,5,0.99999999772
20220513,Rt_PU,0.9963328584716389,45,5,0.99999999772
20220513,Rt_PU,1.0020407712846529,46,5,0.99999999772
20220513,Rt_PU,1.0016264352837083,47,5,0.99999999772
20220513,Rt_PU,1.001594298283635,48,5,0.99999999772
20220513,Rt_PU,1.0021846012849809,49,5,0.99999999772
20220513,Rt_PU,0.9990504130778349,50,5,0.99999999772
20220513,Rt_PU,1.0018978632843272,51,5,0.99999999772
20220513,Rt_PU,0.9998699783797035,52,5,0.99999999772
20220513,Rt_PU,0.9961250708711652,53,5,0.99999999772
20220513,Rt_PU,1.0026620682860696,54,5,0.99999999772
20220513,Rt_PU,0.9969146230729653,55,5,0.99999999772
20220513,Rt_PU,0.9997119940793433,56,5,0.99999999772
20220513,Rt_PU,1.0032893152874995,57,5,0.99999999772
20220513,Rt_PU,0.9989668662776444,58,5,0.99999999772
20220513,Rt_PU,1.0007772092817722,59,5,0.99999999772
20220513,Rt_PU,1.001940398284424,60,5,0.99999999772
20220527,Lt_CAU,0.9990037838439452,-4,5,1.0000000039599999
20220527,Lt_CAU,1.0002738790389156,-3,5,1.0000000039599999
20220527,Lt_CAU,0.9978686730484402,-2,5,1.0000000039599999
20220527,Lt_CAU,1.0005994600376262,-1,5,1.0000000039599999
20220527,Lt_CAU,1.0022542040310736,0,5,1.0000000039599999
20220527,Lt_CAU,0.9956729571571352,1,5,1.0000000039599999
20220527,Lt_CAU,1.000322775038722,2,5,1.0000000039599999
20220527,Lt_CAU,1.0036166070256785,3,5,1.0000000039599999
20220527,Lt_CAU,0.999641712541419,4,5,1.0000000039599999
20220527,Lt_CAU,1.0022930660309195,5,5,1.0000000039599999
20220527,Lt_CAU,1.0011047880356252,6,5,1.0000000039599999
20220527,Lt_CAU,0.9986496528453475,7,5,1.0000000039599999
20220527,Lt_CAU,1.0023111460308478,8,5,1.0000000039599999
20220527,Lt_CAU,0.9998086452407579,9,5,1.0000000039599999
20220527,Lt_CAU,1.0027592740290734,10,5,1.0000000039599999
20220527,Lt_CAU,1.0020657940318196,11,5,1.0000000039599999
20220527,Lt_CAU,1.000205334039187,12,5,1.0000000039599999
20220527,Lt_CAU,1.002158360031453,13,5,1.0000000039599999
20220527,Lt_CAU,1.0015491410338655,14,5,1.0000000039599999
20220527,Lt_CAU,1.004803574020978,15,5,1.0000000039599999
20220527,Lt_CAU,1.00229294703092,16,5,1.0000000039599999
20220527,Lt_CAU,0.9972127636510376,17,5,1.0000000039599999
20220527,Lt_CAU,1.0036897220253889,18,5,1.0000000039599999
20220527,Lt_CAU,1.005910671016594,19,5,1.0000000039599999
20220527,Lt_CAU,1.0055246710181225,20,5,1.0000000039599999
20220527,Lt_CAU,1.0062760870151468,21,5,1.0000000039599999
20220527,Lt_CAU,1.0004211820383324,22,5,1.0000000039599999
20220527,Lt_CAU,0.9995140989419242,23,5,1.0000000039599999
20220527,Lt_CAU,1.0006360370374814,24,5,1.0000000039599999
20220527,Lt_CAU,1.0056483310176327,25,5,1.0000000039599999
20220527,Lt_CAU,1.002165711031424,26,5,1.0000000039599999
20220527,Lt_CAU,1.0087552830053292,27,5,1.0000000039599999
20220527,Lt_CAU,1.0039087490245213,28,5,1.0000000039599999
20220527,Lt_CAU,1.0038809740246315,29,5,1.0000000039599999
20220527,Lt_CAU,1.000547008037834,30,5,1.0000000039599999
20220527,Lt_CAU,1.0045053520221587,31,5,1.0000000039599999
20220527,Lt_CAU,0.9983230591466408,32,5,1.0000000039599999
20220527,Lt_CAU,0.9999060591403721,33,5,1.0000000039599999
20220527,Lt_CAU,1.0040516420239556,34,5,1.0000000039599999
20220527,Lt_CAU,1.003751036025146,35,5,1.0000000039599999
20220527,Lt_CAU,1.007621006009821,36,5,1.0000000039599999
20220527,Lt_CAU,1.004202521023358,37,5,1.0000000039599999
20220527,Lt_CAU,1.0004041950383995,38,5,1.0000000039599999
20220527,Lt_CAU,1.0051263930196996,39,5,1.0000000039599999
20220527,Lt_CAU,1.0063348570149142,40,5,1.0000000039599999
20220527,Lt_CAU,1.004625515021683,41,5,1.0000000039599999
20220527,Lt_CAU,1.001821474032787,42,5,1.0000000039599999
20220527,Lt_CAU,1.00264393902953,43,5,1.0000000039599999
20220527,Lt_CAU,1.003083622027789,44,5,1.0000000039599999
20220527,Lt_CAU,1.003047780027931,45,5,1.0000000039599999
20220527,Lt_CAU,1.0013961750344713,46,5,1.0000000039599999
20220527,Lt_CAU,0.9990245263438631,47,5,1.0000000039599999
20220527,Lt_CAU,1.0008968870364485,48,5,1.0000000039599999
20220527,Lt_CAU,1.0004021490384076,49,5,1.0000000039599999
20220527,Lt_CAU,1.0074632130104457,50,5,1.0000000039599999
20220527,Lt_CAU,1.005441145018453,51,5,1.0000000039599999
20220527,Lt_CAU,1.010021524000315,52,5,1.0000000039599999
20220527,Lt_CAU,1.0003154640387508,53,5,1.0000000039599999
20220527,Lt_CAU,1.0024099310304568,54,5,1.0000000039599999
20220527,Lt_CAU,0.9992062608431432,55,5,1.0000000039599999
20220527,Lt_CAU,1.0036615090255006,56,5,1.0000000039599999
20220527,Lt_CAU,1.0037410620251854,57,5,1.0000000039599999
20220527,Lt_CAU,1.0094210660026925,58,5,1.0000000039599999
20220527,Lt_CAU,1.0040800130238432,59,5,1.0000000039599999
20220527,Lt_CAU,1.0024950660301195,60,5,1.0000000039599999
20220527,Lt_M1_leg,0.9997381053797958,-4,5,0.9999999992199999
20220527,Lt_M1_leg,1.0027028517821084,-3,5,0.9999999992199999
20220527,Lt_M1_leg,0.9984019368787537,-2,5,0.9999999992199999
20220527,Lt_M1_leg,0.9978422641783171,-1,5,0.9999999992199999
20220527,Lt_M1_leg,1.0013148417810256,0,5,0.9999999992199999
20220527,Lt_M1_leg,1.003432106782677,1,5,0.9999999992199999
20220527,Lt_M1_leg,0.9959531769768436,2,5,0.9999999992199999
20220527,Lt_M1_leg,0.9981641292785681,3,5,0.9999999992199999
20220527,Lt_M1_leg,0.9984316088787767,4,5,0.9999999992199999
20220527,Lt_M1_leg,0.9957150600766579,5,5,0.9999999992199999
20220527,Lt_M1_leg,1.001879476781466,6,5,0.9999999992199999
20220527,Lt_M1_leg,0.9985222786788475,7,5,0.9999999992199999
20220527,Lt_M1_leg,1.0007046277805496,8,5,0.9999999992199999
20220527,Lt_M1_leg,0.9989185266791565,9,5,0.9999999992199999
20220527,Lt_M1_leg,0.9966335825773742,10,5,0.9999999992199999
20220527,Lt_M1_leg,0.9959053665768063,11,5,0.9999999992199999
20220527,Lt_M1_leg,1.0007261867805666,12,5,0.9999999992199999
20220527,Lt_M1_leg,0.9968484237775418,13,5,0.9999999992199999
20220527,Lt_M1_leg,0.9988278195790858,14,5,0.9999999992199999
20220527,Lt_M1_leg,0.9941342108754248,15,5,0.9999999992199999
20220527,Lt_M1_leg,1.0007633087805954,16,5,0.9999999992199999
20220527,Lt_M1_leg,1.0006579947805132,17,5,0.9999999992199999
20220527,Lt_M1_leg,0.9974507994780116,18,5,0.9999999992199999
20220527,Lt_M1_leg,0.9975969053781256,19,5,0.9999999992199999
20220527,Lt_M1_leg,1.0000694287800542,20,5,0.9999999992199999
20220527,Lt_M1_leg,1.0011140677808692,21,5,0.9999999992199999
20220527,Lt_M1_leg,0.9980018183784415,22,5,0.9999999992199999
20220527,Lt_M1_leg,1.0002056627801603,23,5,0.9999999992199999
20220527,Lt_M1_leg,0.9954092398764193,24,5,0.9999999992199999
20220527,Lt_M1_leg,0.9971301712777616,25,5,0.9999999992199999
20220527,Lt_M1_leg,0.9989429011791755,26,5,0.9999999992199999
20220527,Lt_M1_leg,0.9959157526768144,27,5,0.9999999992199999
20220527,Lt_M1_leg,1.0017722257813824,28,5,0.9999999992199999
20220527,Lt_M1_leg,0.9976576611781731,29,5,0.9999999992199999
20220527,Lt_M1_leg,0.9974925190780441,30,5,0.9999999992199999
20220527,Lt_M1_leg,0.9972258292778362,31,5,0.9999999992199999
20220527,Lt_M1_leg,0.9988110631790726,32,5,0.9999999992199999
20220527,Lt_M1_leg,0.9957902662767165,33,5,0.9999999992199999
20220527,Lt_M1_leg,0.9968938052775772,34,5,0.9999999992199999
20220527,Lt_M1_leg,0.9955657579765413,35,5,0.9999999992199999
20220527,Lt_M1_leg,0.9992973811794521,36,5,0.9999999992199999
20220527,Lt_M1_leg,0.9965181395772842,37,5,0.9999999992199999
20220527,Lt_M1_leg,0.9981471568785549,38,5,0.9999999992199999
20220527,Lt_M1_leg,0.9975770197781101,39,5,0.9999999992199999
20220527,Lt_M1_leg,0.9965909764773411,40,5,0.9999999992199999
20220527,Lt_M1_leg,0.9981412410785502,41,5,0.9999999992199999
20220527,Lt_M1_leg,0.9996740825797458,42,5,0.9999999992199999
20220527,Lt_M1_leg,1.0022513797817563,43,5,0.9999999992199999
20220527,Lt_M1_leg,1.0005246747804093,44,5,0.9999999992199999
20220527,Lt_M1_leg,0.9977827861782707,45,5,0.9999999992199999
20220527,Lt_M1_leg,0.9963189296771288,46,5,0.9999999992199999
20220527,Lt_M1_leg,0.9987324595790114,47,5,0.9999999992199999
20220527,Lt_M1_leg,0.9950027100761022,48,5,0.9999999992199999
20220527,Lt_M1_leg,0.9946364283758166,49,5,0.9999999992199999
20220527,Lt_M1_leg,0.9978155948782962,50,5,0.9999999992199999
20220527,Lt_M1_leg,0.9959595210768485,51,5,0.9999999992199999
20220527,Lt_M1_leg,0.9957965433767213,52,5,0.9999999992199999
20220527,Lt_M1_leg,0.9932835333747613,53,5,0.9999999992199999
20220527,Lt_M1_leg,0.9950765825761598,54,5,0.9999999992199999
20220527,Lt_M1_leg,0.9959612719768498,55,5,0.9999999992199999
20220527,Lt_M1_leg,0.9969067506775874,56,5,0.9999999992199999
20220527,Lt_M1_leg,0.9930218242745571,57,5,0.9999999992199999
20220527,Lt_M1_leg,0.9930397279745711,58,5,0.9999999992199999
20220527,Lt_M1_leg,0.9929351478744894,59,5,0.9999999992199999
20220527,Lt_M1_leg,0.9939607389752894,60,5,0.9999999992199999
20220527,Lt_PU,1.0012422637621865,-4,5,0.99999999824
20220527,Lt_PU,0.9994411669590165,-3,5,0.99999999824
20220527,Lt_PU,0.9972812390552149,-2,5,0.99999999824
20220527,Lt_PU,0.9997848794596215,-1,5,0.99999999824
20220527,Lt_PU,1.0022504507639607,0,5,0.99999999824
20220527,Lt_PU,0.996040905353032,1,5,0.99999999824
20220527,Lt_PU,0.9937554729490097,2,5,0.99999999824
20220527,Lt_PU,0.9985315748574156,3,5,0.99999999824
20220527,Lt_PU,0.9966993601541909,4,5,0.99999999824
20220527,Lt_PU,0.9936923310488985,5,5,0.99999999824
20220527,Lt_PU,0.9966178370540475,6,5,0.99999999824
20220527,Lt_PU,0.9991077683584297,7,5,0.99999999824
20220527,Lt_PU,0.9965897265539979,8,5,0.99999999824
20220527,Lt_PU,0.9992990511587664,9,5,0.99999999824
20220527,Lt_PU,0.9995277289591689,10,5,0.99999999824
20220527,Lt_PU,1.0001334837602351,11,5,0.99999999824
20220527,Lt_PU,0.9991275387584645,12,5,0.99999999824
20220527,Lt_PU,1.000885705761559,13,5,0.99999999824
20220527,Lt_PU,0.9952987174517257,14,5,0.99999999824
20220527,Lt_PU,1.0018034827631743,15,5,0.99999999824
20220527,Lt_PU,0.9999109822598434,16,5,0.99999999824
20220527,Lt_PU,0.9964382046537312,17,5,0.99999999824
20220527,Lt_PU,1.00203399376358,18,5,0.99999999824
20220527,Lt_PU,1.0005857987610312,19,5,0.99999999824
20220527,Lt_PU,1.0018614637632761,20,5,0.99999999824
20220527,Lt_PU,0.9991120002584372,21,5,0.99999999824
20220527,Lt_PU,1.002350457764137,22,5,0.99999999824
20220527,Lt_PU,1.0034549737660807,23,5,0.99999999824
20220527,Lt_PU,1.000087941760155,24,5,0.99999999824
20220527,Lt_PU,0.9994809048590865,25,5,0.99999999824
20220527,Lt_PU,1.00052847476093,26,5,0.99999999824
20220527,Lt_PU,1.0048385097685157,27,5,0.99999999824
20220527,Lt_PU,0.9996097838593132,28,5,0.99999999824
20220527,Lt_PU,1.0007056447612421,29,5,0.99999999824
20220527,Lt_PU,0.9967868047543448,30,5,0.99999999824
20220527,Lt_PU,1.0009349377616454,31,5,0.99999999824
20220527,Lt_PU,1.001534651762701,32,5,0.99999999824
20220527,Lt_PU,1.0024863817643759,33,5,0.99999999824
20220527,Lt_PU,1.0036424117664107,34,5,0.99999999824
20220527,Lt_PU,1.0027758887648857,35,5,0.99999999824
20220527,Lt_PU,1.0061588487708397,36,5,0.99999999824
20220527,Lt_PU,1.0047293457683237,37,5,0.99999999824
20220527,Lt_PU,1.0021305287637499,38,5,0.99999999824
20220527,Lt_PU,1.002611333764596,39,5,0.99999999824
20220527,Lt_PU,1.0023774387641844,40,5,0.99999999824
20220527,Lt_PU,1.0037394437665816,41,5,0.99999999824
20220527,Lt_PU,1.0015842407627884,42,5,0.99999999824
20220527,Lt_PU,1.0008235157614493,43,5,0.99999999824
20220527,Lt_PU,1.0004873907608578,44,5,0.99999999824
20220527,Lt_PU,1.0010667507618776,45,5,0.99999999824
20220527,Lt_PU,1.0016015327628187,46,5,0.99999999824
20220527,Lt_PU,1.0029002447651045,47,5,0.99999999824
20220527,Lt_PU,1.002675537764709,48,5,0.99999999824
20220527,Lt_PU,0.9974394939554936,49,5,0.99999999824
20220527,Lt_PU,1.0045974527680914,50,5,0.99999999824
20220527,Lt_PU,1.0015945357628064,51,5,0.99999999824
20220527,Lt_PU,1.004501142767922,52,5,0.99999999824
20220527,Lt_PU,1.0028657467650437,53,5,0.99999999824
20220527,Lt_PU,0.9985322304574168,54,5,0.99999999824
20220527,Lt_PU,1.0017422427630664,55,5,0.99999999824
20220527,Lt_PU,0.9989182530580961,56,5,0.99999999824
20220527,Lt_PU,0.9991390080584847,57,5,0.99999999824
20220527,Lt_PU,1.0042717587675183,58,5,0.99999999824
20220527,Lt_PU,0.9985408869574319,59,5,0.99999999824
20220527,Lt_PU,1.0004498337607917,60,5,0.99999999824
20220527,Rt_CAU,0.9965160808041807,-4,5,1.0000000011999999
20220527,Rt_CAU,0.9996263042004485,-3,5,1.0000000011999999
20220527,Rt_CAU,0.9984628944018447,-2,5,1.0000000011999999
20220527,Rt_CAU,1.0015671767981194,-1,5,1.0000000011999999
20220527,Rt_CAU,1.0038275437954072,0,5,1.0000000011999999
20220527,Rt_CAU,0.9965343198041589,1,5,1.0000000011999999
20220527,Rt_CAU,0.9988828621013407,2,5,1.0000000011999999
20220527,Rt_CAU,1.000963580798844,3,5,1.0000000011999999
20220527,Rt_CAU,1.0029351767964778,4,5,1.0000000011999999
20220527,Rt_CAU,0.9966039911040753,5,5,1.0000000011999999
20220527,Rt_CAU,0.9985547517017344,6,5,1.0000000011999999
20220527,Rt_CAU,0.998701822901558,7,5,1.0000000011999999
20220527,Rt_CAU,0.9971787918033855,8,5,1.0000000011999999
20220527,Rt_CAU,0.9978011967026387,9,5,1.0000000011999999
20220527,Rt_CAU,1.0045555557945334,10,5,1.0000000011999999
20220527,Rt_CAU,1.003965879795241,11,5,1.0000000011999999
20220527,Rt_CAU,0.9975570428029317,12,5,1.0000000011999999
20220527,Rt_CAU,1.0009839127988196,13,5,1.0000000011999999
20220527,Rt_CAU,1.002670220796796,14,5,1.0000000011999999
20220527,Rt_CAU,1.002034324797559,15,5,1.0000000011999999
20220527,Rt_CAU,1.0031087917962695,16,5,1.0000000011999999
20220527,Rt_CAU,0.9988437151013877,17,5,1.0000000011999999
20220527,Rt_CAU,1.0038589627953693,18,5,1.0000000011999999
20220527,Rt_CAU,1.0014055427983135,19,5,1.0000000011999999
20220527,Rt_CAU,1.0029013737965184,20,5,1.0000000011999999
20220527,Rt_CAU,1.0059652577928417,21,5,1.0000000011999999
20220527,Rt_CAU,1.0011987537985618,22,5,1.0000000011999999
20220527,Rt_CAU,1.002789972796652,23,5,1.0000000011999999
20220527,Rt_CAU,1.0017414217979104,24,5,1.0000000011999999
20220527,Rt_CAU,1.005040816793951,25,5,1.0000000011999999
20220527,Rt_CAU,1.001478498798226,26,5,1.0000000011999999
20220527,Rt_CAU,1.0037340507955193,27,5,1.0000000011999999
20220527,Rt_CAU,1.0034279747958865,28,5,1.0000000011999999
20220527,Rt_CAU,1.0022822867972614,29,5,1.0000000011999999
20220527,Rt_CAU,0.9984302509018839,30,5,1.0000000011999999
20220527,Rt_CAU,1.0042237427949317,31,5,1.0000000011999999
20220527,Rt_CAU,0.9988210785014149,32,5,1.0000000011999999
20220527,Rt_CAU,1.0028742007965512,33,5,1.0000000011999999
20220527,Rt_CAU,1.0031441967962271,34,5,1.0000000011999999
20220527,Rt_CAU,1.0012973467984434,35,5,1.0000000011999999
20220527,Rt_CAU,1.0044670757946395,36,5,1.0000000011999999
20220527,Rt_CAU,1.0036743997955908,37,5,1.0000000011999999
20220527,Rt_CAU,1.0030536437963358,38,5,1.0000000011999999
20220527,Rt_CAU,1.0048572277941714,39,5,1.0000000011999999
20220527,Rt_CAU,1.0039227527952927,40,5,1.0000000011999999
20220527,Rt_CAU,1.0076530627908165,41,5,1.0000000011999999
20220527,Rt_CAU,1.0041151697950619,42,5,1.0000000011999999
20220527,Rt_CAU,1.0001845747997786,43,5,1.0000000011999999
20220527,Rt_CAU,1.0020494377975409,44,5,1.0000000011999999
20220527,Rt_CAU,1.0000247747999704,45,5,1.0000000011999999
20220527,Rt_CAU,1.0053744497935508,46,5,1.0000000011999999
20220527,Rt_CAU,1.0003002997996397,47,5,1.0000000011999999
20220527,Rt_CAU,1.0020758167975092,48,5,1.0000000011999999
20220527,Rt_CAU,1.0019189367976973,49,5,1.0000000011999999
20220527,Rt_CAU,1.0045247327945706,50,5,1.0000000011999999
20220527,Rt_CAU,0.9992239529009314,51,5,1.0000000011999999
20220527,Rt_CAU,1.0077507217906994,52,5,1.0000000011999999
20220527,Rt_CAU,1.0028447167965864,53,5,1.0000000011999999
20220527,Rt_CAU,0.9992902664008517,54,5,1.0000000011999999
20220527,Rt_CAU,1.002211052797347,55,5,1.0000000011999999
20220527,Rt_CAU,1.0014404447982714,56,5,1.0000000011999999
20220527,Rt_CAU,1.001964355797643,57,5,1.0000000011999999
20220527,Rt_CAU,1.0056314657932424,58,5,1.0000000011999999
20220527,Rt_CAU,0.9988655105013615,59,5,1.0000000011999999
20220527,Rt_CAU,1.0045571907945314,60,5,1.0000000011999999
20220527,Rt_INS,0.9989184630840234,-4,5,1.0000000037199999
20220527,Rt_INS,0.9967217018921953,-3,5,1.0000000037199999
20220527,Rt_INS,0.9995686764816046,-2,5,1.0000000037199999
20220527,Rt_INS,1.0030576272686256,-1,5,1.0000000037199999
20220527,Rt_INS,1.0017335312735514,0,5,1.0000000037199999
20220527,Rt_INS,1.0007640662771577,1,5,1.0000000037199999
20220527,Rt_INS,1.0009733402763792,2,5,1.0000000037199999
20220527,Rt_INS,1.0026240722702386,3,5,1.0000000037199999
20220527,Rt_INS,0.9942870103012524,4,5,1.0000000037199999
20220527,Rt_INS,1.0000082402799695,5,5,1.0000000037199999
20220527,Rt_INS,0.9990636898834833,6,5,1.0000000037199999
20220527,Rt_INS,1.0022842452715026,7,5,1.0000000037199999
20220527,Rt_INS,0.9963941605934139,8,5,1.0000000037199999
20220527,Rt_INS,0.9980795254871443,9,5,1.0000000037199999
20220527,Rt_INS,1.0053339932601577,10,5,1.0000000037199999
20220527,Rt_INS,1.0033042872677083,11,5,1.0000000037199999
20220527,Rt_INS,0.9993535655824048,12,5,1.0000000037199999
20220527,Rt_INS,1.0056701612589072,13,5,1.0000000037199999
20220527,Rt_INS,1.004958103261556,14,5,1.0000000037199999
20220527,Rt_INS,0.9990093280836854,15,5,1.0000000037199999
20220527,Rt_INS,1.0055556072593332,16,5,1.0000000037199999
20220527,Rt_INS,0.9973114599900015,17,5,1.0000000037199999
20220527,Rt_INS,0.9996962922811299,18,5,1.0000000037199999
20220527,Rt_INS,0.9983413411861704,19,5,1.0000000037199999
20220527,Rt_INS,1.0047018722625092,20,5,1.0000000037199999
20220527,Rt_INS,1.0034057502673308,21,5,1.0000000037199999
20220527,Rt_INS,1.0015731092741482,22,5,1.0000000037199999
20220527,Rt_INS,1.0046099542628513,23,5,1.0000000037199999
20220527,Rt_INS,1.0023613512712157,24,5,1.0000000037199999
20220527,Rt_INS,0.998426651485853,25,5,1.0000000037199999
20220527,Rt_INS,1.0005771252778533,26,5,1.0000000037199999
20220527,Rt_INS,1.0026283112702228,27,5,1.0000000037199999
20220527,Rt_INS,0.9991676861830964,28,5,1.0000000037199999
20220527,Rt_INS,0.9985810411852787,29,5,1.0000000037199999
20220527,Rt_INS,1.0057305422586824,30,5,1.0000000037199999
20220527,Rt_INS,1.0005636792779031,31,5,1.0000000037199999
20220527,Rt_INS,1.004203043264365,32,5,1.0000000037199999
20220527,Rt_INS,0.9947557847995087,33,5,1.0000000037199999
20220527,Rt_INS,1.003875263265584,34,5,1.0000000037199999
20220527,Rt_INS,0.999861326080516,35,5,1.0000000037199999
20220527,Rt_INS,1.004116689264686,36,5,1.0000000037199999
20220527,Rt_INS,1.002436661270936,37,5,1.0000000037199999
20220527,Rt_INS,1.0028974212692217,38,5,1.0000000037199999
20220527,Rt_INS,1.0026925442699839,39,5,1.0000000037199999
20220527,Rt_INS,1.0001732372793557,40,5,1.0000000037199999
20220527,Rt_INS,1.0060821302573746,41,5,1.0000000037199999
20220527,Rt_INS,1.004115396264691,42,5,1.0000000037199999
20220527,Rt_INS,1.0039055262654715,43,5,1.0000000037199999
20220527,Rt_INS,1.001308107275134,44,5,1.0000000037199999
20220527,Rt_INS,1.0027989932695878,45,5,1.0000000037199999
20220527,Rt_INS,1.006540673255669,46,5,1.0000000037199999
20220527,Rt_INS,1.0034817002670482,47,5,1.0000000037199999
20220527,Rt_INS,1.0005106312781005,48,5,1.0000000037199999
20220527,Rt_INS,1.0041546622645448,49,5,1.0000000037199999
20220527,Rt_INS,1.0029675582689608,50,5,1.0000000037199999
20220527,Rt_INS,1.0010671832760303,51,5,1.0000000037199999
20220527,Rt_INS,0.999429075482124,52,5,1.0000000037199999
20220527,Rt_INS,1.0027099512699191,53,5,1.0000000037199999
20220527,Rt_INS,0.9936300548036963,54,5,1.0000000037199999
20220527,Rt_INS,1.0039132502654429,55,5,1.0000000037199999
20220527,Rt_INS,1.0034800962670543,56,5,1.0000000037199999
20220527,Rt_INS,0.998074243587164,57,5,1.0000000037199999
20220527,Rt_INS,1.0013694312749057,58,5,1.0000000037199999
20220527,Rt_INS,1.0007239772773069,59,5,1.0000000037199999
20220527,Rt_INS,1.0049958102614156,60,5,1.0000000037199999
20220527,Rt_M1,1.002422202163296,-4,5,0.8461538558
20220527,Rt_M1,0.9992822917536364,-3,5,0.8461538558
20220527,Rt_M1,0.9996721359855558,-2,5,0.8461538558
20220527,Rt_M1,0.998595261616014,-1,5,0.8461538558
20220527,Rt_M1,1.0000281084814977,0,5,0.8461538558
20220527,Rt_M1,0.9998400503654599,1,5,0.8461538558
20220527,Rt_M1,0.9960856947264413,2,5,0.8461538558
20220527,Rt_M1,1.004701551464584,3,5,0.8461538558
20220527,Rt_M1,0.9988593995130028,4,5,0.8461538558
20220527,Rt_M1,1.0041578324980553,5,5,0.8461538558
20220527,Rt_M1,0.9965438566757636,6,5,0.8461538558
20220527,Rt_M1,1.0043035305873034,7,5,0.8461538558
20220527,Rt_M1,1.00554672636404,8,5,0.8461538558
20220527,Rt_M1,1.0010700572878013,9,5,0.8461538558
20220527,Rt_M1,1.0010280521610073,10,5,0.8461538558
20220527,Rt_M1,1.0037112310940555,11,5,0.8461538558
20220527,Rt_M1,1.0028356307585828,12,5,0.8461538558
20220527,Rt_M1,0.998585042079767,13,5,0.8461538558
20220527,Rt_M1,1.0011224198690227,14,5,0.8461538558
20220527,Rt_M1,1.004044897953888,15,5,0.8461538558
20220527,Rt_M1,1.0039812971091586,16,5,0.8461538558
20220527,Rt_M1,1.0062478503924108,17,5,0.8461538558
20220527,Rt_M1,1.0036400334039581,18,5,0.8461538558
20220527,Rt_M1,1.00536171627524,19,5,0.8461538558
20220527,Rt_M1,1.0048541204082992,20,5,0.8461538558
20220527,Rt_M1,1.0038447590561697,21,5,0.8461538558
20220527,Rt_M1,1.0038764660558084,22,5,0.8461538558
20220527,Rt_M1,1.0085057257030348,23,5,0.8461538558
20220527,Rt_M1,1.006110575475794,24,5,0.8461538558
20220527,Rt_M1,1.0027960045135802,25,5,0.8461538558
20220527,Rt_M1,1.0075080496962263,26,5,0.8461538558
20220527,Rt_M1,1.0050664998695147,27,5,0.8461538558
20220527,Rt_M1,1.006957356938868,28,5,0.8461538558
20220527,Rt_M1,1.0028565709219806,29,5,0.8461538558
20220527,Rt_M1,1.0069784949386271,30,5,0.8461538558
20220527,Rt_M1,1.0037729734115337,31,5,0.8461538558
20220527,Rt_M1,1.0067052862326507,32,5,0.8461538558
20220527,Rt_M1,1.0056836652897516,33,5,0.8461538558
20220527,Rt_M1,1.0048177642541682,34,5,0.8461538558
20220527,Rt_M1,1.006348425009446,35,5,0.8461538558
20220527,Rt_M1,1.0072146485632074,36,5,0.8461538558
20220527,Rt_M1,1.009422437001675,37,5,0.8461538558
20220527,Rt_M1,1.00676826390466,38,5,0.8461538558
20220527,Rt_M1,1.0036295944040772,39,5,0.8461538558
20220527,Rt_M1,1.0081879408248393,40,5,0.8461538558
20220527,Rt_M1,1.0088850822441646,41,5,0.8461538558
20220527,Rt_M1,1.0061230571301971,42,5,0.8461538558
20220527,Rt_M1,1.0053983297111864,43,5,0.8461538558
20220527,Rt_M1,1.0119415921002295,44,5,0.8461538558
20220527,Rt_M1,1.0057658411251786,45,5,0.8461538558
20220527,Rt_M1,1.005651481544664,46,5,0.8461538558
20220527,Rt_M1,1.0065974559611526,47,5,0.8461538558
20220527,Rt_M1,1.0093657584205031,48,5,0.8461538558
20220527,Rt_M1,1.0045803616841473,49,5,0.8461538558
20220527,Rt_M1,1.0065883121158024,50,5,0.8461538558
20220527,Rt_M1,1.0046634586286547,51,5,0.8461538558
20220527,Rt_M1,1.0058040287429248,52,5,0.8461538558
20220527,Rt_M1,1.0034106177974824,53,5,0.8461538558
20220527,Rt_M1,1.0047545453730709,54,5,0.8461538558
20220527,Rt_M1,1.0050905557783312,55,5,0.8461538558
20220527,Rt_M1,1.0091610679864729,56,5,0.8461538558
20220527,Rt_M1,1.0029933825658754,57,5,0.8461538558
20220527,Rt_M1,1.002887936612532,58,5,0.8461538558
20220527,Rt_M1,1.0049643483524973,59,5,0.8461538558
20220527,Rt_M1,1.007461219324033,60,5,0.8461538558
20220527,Rt_PU,1.0000223975399898,-4,5,1.00000000046
20220527,Rt_PU,1.002534974538834,-3,5,1.00000000046
20220527,Rt_PU,0.9994960699402318,-2,5,1.00000000046
20220527,Rt_PU,0.9984837271406974,-1,5,1.00000000046
20220527,Rt_PU,0.9994628308402471,0,5,1.00000000046
20220527,Rt_PU,0.9973833294412037,1,5,1.00000000046
20220527,Rt_PU,0.9983863971407423,2,5,1.00000000046
20220527,Rt_PU,0.9979458141409449,3,5,1.00000000046
20220527,Rt_PU,1.0013557245393763,4,5,1.00000000046
20220527,Rt_PU,0.9988979212405069,5,5,1.00000000046
20220527,Rt_PU,1.0005207045397604,6,5,1.00000000046
20220527,Rt_PU,1.0005384545397524,7,5,1.00000000046
20220527,Rt_PU,0.9991953673403701,8,5,1.00000000046
20220527,Rt_PU,0.9985827799406519,9,5,1.00000000046
20220527,Rt_PU,1.0011284025394809,10,5,1.00000000046
20220527,Rt_PU,1.0033226835384716,11,5,1.00000000046
20220527,Rt_PU,1.0032254135385164,12,5,1.00000000046
20220527,Rt_PU,0.9972568048412619,13,5,1.00000000046
20220527,Rt_PU,1.0016680835392326,14,5,1.00000000046
20220527,Rt_PU,1.0039619955381773,15,5,1.00000000046
20220527,Rt_PU,1.0030092815386158,16,5,1.00000000046
20220527,Rt_PU,1.0000620315399713,17,5,1.00000000046
20220527,Rt_PU,1.0035075135383866,18,5,1.00000000046
20220527,Rt_PU,1.0005312205397554,19,5,1.00000000046
20220527,Rt_PU,1.0025579515388234,20,5,1.00000000046
20220527,Rt_PU,1.0028779985386762,21,5,1.00000000046
20220527,Rt_PU,1.0022571315389617,22,5,1.00000000046
20220527,Rt_PU,1.0066836315369256,23,5,1.00000000046
20220527,Rt_PU,1.0026156125387966,24,5,1.00000000046
20220527,Rt_PU,1.0048694355377599,25,5,1.00000000046
20220527,Rt_PU,1.0009987875395405,26,5,1.00000000046
20220527,Rt_PU,1.0059569225372598,27,5,1.00000000046
20220527,Rt_PU,1.0015003825393098,28,5,1.00000000046
20220527,Rt_PU,1.0018630055391429,29,5,1.00000000046
20220527,Rt_PU,0.9975141107411435,30,5,1.00000000046
20220527,Rt_PU,1.0043010865380215,31,5,1.00000000046
20220527,Rt_PU,1.0029588705386387,32,5,1.00000000046
20220527,Rt_PU,1.0064997315370101,33,5,1.00000000046
20220527,Rt_PU,1.0045469905379083,34,5,1.00000000046
20220527,Rt_PU,1.000380557539825,35,5,1.00000000046
20220527,Rt_PU,1.0056449435374033,36,5,1.00000000046
20220527,Rt_PU,1.006460404537028,37,5,1.00000000046
20220527,Rt_PU,1.004548134537908,38,5,1.00000000046
20220527,Rt_PU,1.0040768645381246,39,5,1.00000000046
20220527,Rt_PU,1.00517428453762,40,5,1.00000000046
20220527,Rt_PU,1.007763207536429,41,5,1.00000000046
20220527,Rt_PU,1.0029140505386596,42,5,1.00000000046
20220527,Rt_PU,1.0014894525393148,43,5,1.00000000046
20220527,Rt_PU,1.002297656538943,44,5,1.00000000046
20220527,Rt_PU,1.0018791045391355,45,5,1.00000000046
20220527,Rt_PU,1.0037905115382562,46,5,1.00000000046
20220527,Rt_PU,1.002463302538867,47,5,1.00000000046
20220527,Rt_PU,1.0073036795366401,48,5,1.00000000046
20220527,Rt_PU,1.0029025815386647,49,5,1.00000000046
20220527,Rt_PU,1.0037280675382851,50,5,1.00000000046
20220527,Rt_PU,1.0007236465396672,51,5,1.00000000046
20220527,Rt_PU,1.007473824536562,52,5,1.00000000046
20220527,Rt_PU,1.004700177537838,53,5,1.00000000046
20220527,Rt_PU,0.9985963406406456,54,5,1.00000000046
20220527,Rt_PU,1.0020013035390793,55,5,1.00000000046
20220527,Rt_PU,1.000619351539715,56,5,1.00000000046
20220527,Rt_PU,1.003041391538601,57,5,1.00000000046
20220527,Rt_PU,1.0077910795364162,58,5,1.00000000046
20220527,Rt_PU,0.9985524833406658,59,5,1.00000000046
20220527,Rt_PU,1.0045163115379225,60,5,1.00000000046
20220721,Lt_CAU,1.0012181679496723,-4,5,0.99999999206
20220721,Lt_CAU,1.0037656309698992,-3,5,0.99999999206
20220721,Lt_CAU,1.0005112169440589,-2,5,0.99999999206
20220721,Lt_CAU,0.999998239639986,-1,5,0.99999999206
20220721,Lt_CAU,0.9945067444963835,0,5,0.99999999206
20220721,Lt_CAU,1.00130101795033,1,5,0.99999999206
20220721,Lt_CAU,1.0025795779604818,2,5,0.99999999206
20220721,Lt_CAU,1.0010994359487295,3,5,0.99999999206
20220721,Lt_CAU,0.9950913667010254,4,5,0.99999999206
20220721,Lt_CAU,0.9978680491230724,5,5,0.99999999206
20220721,Lt_CAU,0.9977391441220488,6,5,0.99999999206
20220721,Lt_CAU,0.9952354709021696,7,5,0.99999999206
20220721,Lt_CAU,1.0001554569412343,8,5,0.99999999206
20220721,Lt_CAU,0.9984453598276563,9,5,0.99999999206
20220721,Lt_CAU,0.9936511595895902,10,5,0.99999999206
20220721,Lt_CAU,0.9937660772905027,11,5,0.99999999206
20220721,Lt_CAU,0.9998393933387247,12,5,0.99999999206
20220721,Lt_CAU,0.9940120656924558,13,5,0.99999999206
20220721,Lt_CAU,0.9963212887107911,14,5,0.99999999206
20220721,Lt_CAU,0.9986014246288953,15,5,0.99999999206
20220721,Lt_CAU,0.9936922072899161,16,5,0.99999999206
20220721,Lt_CAU,0.9964683532119587,17,5,0.99999999206
20220721,Lt_CAU,0.998665996329408,18,5,0.99999999206
20220721,Lt_CAU,0.9938963332915368,19,5,0.99999999206
20220721,Lt_CAU,0.9948617695992024,20,5,0.99999999206
20220721,Lt_CAU,0.9985447208284451,21,5,0.99999999206
20220721,Lt_CAU,0.9953262488028904,22,5,0.99999999206
20220721,Lt_CAU,0.9980288227243489,23,5,0.99999999206
20220721,Lt_CAU,0.9963616013111111,24,5,0.99999999206
20220721,Lt_CAU,0.9982022126257255,25,5,0.99999999206
20220721,Lt_CAU,0.9974566181198056,26,5,0.99999999206
20220721,Lt_CAU,0.9917262672743066,27,5,0.99999999206
20220721,Lt_CAU,0.998051512224529,28,5,0.99999999206
20220721,Lt_CAU,0.9990903417327773,29,5,0.99999999206
20220721,Lt_CAU,1.000631240945012,30,5,0.99999999206
20220721,Lt_CAU,0.9936571994896382,31,5,0.99999999206
20220721,Lt_CAU,0.9966392199133155,32,5,0.99999999206
20220721,Lt_CAU,0.9953757603032836,33,5,0.99999999206
20220721,Lt_CAU,1.0009616889476358,34,5,0.99999999206
20220721,Lt_CAU,1.0005708219445324,35,5,0.99999999206
20220721,Lt_CAU,1.0018777329549091,36,5,0.99999999206
20220721,Lt_CAU,0.9985731919286711,37,5,0.99999999206
20220721,Lt_CAU,0.9994447509355913,38,5,0.99999999206
20220721,Lt_CAU,0.9986235578290711,39,5,0.99999999206
20220721,Lt_CAU,0.9999183495393518,40,5,0.99999999206
20220721,Lt_CAU,1.0055766189842783,41,5,0.99999999206
20220721,Lt_CAU,0.995489307204185,42,5,0.99999999206
20220721,Lt_CAU,1.0042821249740002,43,5,0.99999999206
20220721,Lt_CAU,0.9979550520237631,44,5,0.99999999206
20220721,Lt_CAU,1.0039623259714607,45,5,0.99999999206
20220721,Lt_CAU,1.0013934059510636,46,5,0.99999999206
20220721,Lt_CAU,1.0037721869699512,47,5,0.99999999206
20220721,Lt_CAU,1.003532894968051,48,5,0.99999999206
20220721,Lt_CAU,1.0030965489645864,49,5,0.99999999206
20220721,Lt_CAU,0.9967455347141595,50,5,0.99999999206
20220721,Lt_CAU,1.00003020794024,51,5,0.99999999206
20220721,Lt_CAU,0.9984695196278479,52,5,0.99999999206
20220721,Lt_CAU,1.0030151689639404,53,5,0.99999999206
20220721,Lt_CAU,0.9986337701291521,54,5,0.99999999206
20220721,Lt_CAU,0.9986940503296308,55,5,0.99999999206
20220721,Lt_CAU,1.0032806679660484,56,5,0.99999999206
20220721,Lt_CAU,1.0013381919506252,57,5,0.99999999206
20220721,Lt_CAU,1.0061061859884832,58,5,0.99999999206
20220721,Lt_CAU,1.0012096049496042,59,5,0.99999999206
20220721,Lt_CAU,0.9980679233246592,60,5,0.99999999206
20220721,Lt_M1_leg,1.0004542566775834,-4,5,1.00000000532
20220721,Lt_M1_leg,1.0026729686657798,-3,5,1.00000000532
20220721,Lt_M1_leg,0.9976675345924088,-2,5,1.00000000532
20220721,Lt_M1_leg,1.0002349006787503,-1,5,1.00000000532
20220721,Lt_M1_leg,0.9989703393854779,0,5,1.00000000532
20220721,Lt_M1_leg,0.9991303256846267,1,5,1.00000000532
20220721,Lt_M1_leg,1.0000662486796477,2,5,1.00000000532
20220721,Lt_M1_leg,0.9976698404923964,3,5,1.00000000532
20220721,Lt_M1_leg,0.994574243508865,4,5,1.00000000532
20220721,Lt_M1_leg,0.9961999416002163,5,5,1.00000000532
20220721,Lt_M1_leg,0.9927650749184898,6,5,1.00000000532
20220721,Lt_M1_leg,0.9983523248887657,7,5,1.00000000532
20220721,Lt_M1_leg,0.9976482188925114,8,5,1.00000000532
20220721,Lt_M1_leg,0.9924542739201432,9,5,1.00000000532
20220721,Lt_M1_leg,0.9947050273081692,10,5,1.00000000532
20220721,Lt_M1_leg,0.9966519794978114,11,5,1.00000000532
20220721,Lt_M1_leg,0.9959005772018089,12,5,1.00000000532
20220721,Lt_M1_leg,0.9957829102024349,13,5,1.00000000532
20220721,Lt_M1_leg,0.9939478061121977,14,5,1.00000000532
20220721,Lt_M1_leg,0.9968181795969272,15,5,1.00000000532
20220721,Lt_M1_leg,0.9968552796967299,16,5,1.00000000532
20220721,Lt_M1_leg,0.9971971942949109,17,5,1.00000000532
20220721,Lt_M1_leg,0.9940291031117652,18,5,1.00000000532
20220721,Lt_M1_leg,0.993740225513302,19,5,1.00000000532
20220721,Lt_M1_leg,1.001783488670512,20,5,1.00000000532
20220721,Lt_M1_leg,0.9943287953101707,21,5,1.00000000532
20220721,Lt_M1_leg,0.9917206562240461,22,5,1.00000000532
20220721,Lt_M1_leg,0.993359597715327,23,5,1.00000000532
20220721,Lt_M1_leg,0.9965302257984593,24,5,1.00000000532
20220721,Lt_M1_leg,0.9956387750032016,25,5,1.00000000532
20220721,Lt_M1_leg,0.990897758228424,26,5,1.00000000532
20220721,Lt_M1_leg,0.9993633052833872,27,5,1.00000000532
20220721,Lt_M1_leg,0.9959249220016795,28,5,1.00000000532
20220721,Lt_M1_leg,0.998822173386266,29,5,1.00000000532
20220721,Lt_M1_leg,0.9965471571983691,30,5,1.00000000532
20220721,Lt_M1_leg,0.9906414508297875,31,5,1.00000000532
20220721,Lt_M1_leg,0.9965119531985563,32,5,1.00000000532
20220721,Lt_M1_leg,0.9946285172085763,33,5,1.00000000532
20220721,Lt_M1_leg,0.9953494205047411,34,5,1.00000000532
20220721,Lt_M1_leg,0.9988564944860835,35,5,1.00000000532
20220721,Lt_M1_leg,0.9964322543989804,36,5,1.00000000532
20220721,Lt_M1_leg,0.9958658314019937,37,5,1.00000000532
20220721,Lt_M1_leg,0.9937484770132581,38,5,1.00000000532
20220721,Lt_M1_leg,0.9954583145041618,39,5,1.00000000532
20220721,Lt_M1_leg,0.9939977101119323,40,5,1.00000000532
20220721,Lt_M1_leg,0.9994003123831904,41,5,1.00000000532
20220721,Lt_M1_leg,0.9934372439149138,42,5,1.00000000532
20220721,Lt_M1_leg,0.9962119891001522,43,5,1.00000000532
20220721,Lt_M1_leg,0.9930209539171285,44,5,1.00000000532
20220721,Lt_M1_leg,0.996912027096428,45,5,1.00000000532
20220721,Lt_M1_leg,0.9934857770146556,46,5,1.00000000532
20220721,Lt_M1_leg,0.9947865068077358,47,5,1.00000000532
20220721,Lt_M1_leg,0.9950910381061157,48,5,1.00000000532
20220721,Lt_M1_leg,0.9952624201052039,49,5,1.00000000532
20220721,Lt_M1_leg,0.9935399576143674,50,5,1.00000000532
20220721,Lt_M1_leg,0.9968910052965398,51,5,1.00000000532
20220721,Lt_M1_leg,0.9974979145933112,52,5,1.00000000532
20220721,Lt_M1_leg,0.9914801403253256,53,5,1.00000000532
20220721,Lt_M1_leg,0.989299243636928,54,5,1.00000000532
20220721,Lt_M1_leg,0.9964513799988787,55,5,1.00000000532
20220721,Lt_M1_leg,0.9969726784961054,56,5,1.00000000532
20220721,Lt_M1_leg,0.9977242110921072,57,5,1.00000000532
20220721,Lt_M1_leg,0.9941907509109051,58,5,1.00000000532
20220721,Lt_M1_leg,0.9973508028940937,59,5,1.00000000532
20220721,Lt_M1_leg,0.9964452928989112,60,5,1.00000000532
20220721,Lt_PU,1.0001312675394145,-4,5,1.00000000446
20220721,Lt_PU,1.0034512835246072,-3,5,1.00000000446
20220721,Lt_PU,0.9973055423520174,-2,5,1.00000000446
20220721,Lt_PU,0.9955561070598199,-1,5,1.00000000446
20220721,Lt_PU,1.0035557995241413,0,5,1.00000000446
20220721,Lt_PU,1.0028823155271451,1,5,1.00000000446
20220721,Lt_PU,0.9990689182441528,2,5,1.00000000446
20220721,Lt_PU,1.0036260805238277,3,5,1.00000000446
20220721,Lt_PU,0.9932993766698849,4,5,1.00000000446
20220721,Lt_PU,0.9995165904421561,5,5,1.00000000446
20220721,Lt_PU,0.9991148917439477,6,5,1.00000000446
20220721,Lt_PU,0.9939302207670713,7,5,1.00000000446
20220721,Lt_PU,0.9962529816567118,8,5,1.00000000446
20220721,Lt_PU,0.9945833386641584,9,5,1.00000000446
20220721,Lt_PU,0.99567490825929,10,5,1.00000000446
20220721,Lt_PU,0.9977118763502051,11,5,1.00000000446
20220721,Lt_PU,1.0014776685334095,12,5,1.00000000446
20220721,Lt_PU,1.0011792275347406,13,5,1.00000000446
20220721,Lt_PU,1.0014577895334984,14,5,1.00000000446
20220721,Lt_PU,1.0029213795269707,15,5,1.00000000446
20220721,Lt_PU,1.0028006115275094,16,5,1.00000000446
20220721,Lt_PU,0.999492633942263,17,5,1.00000000446
20220721,Lt_PU,1.0002315255389675,18,5,1.00000000446
20220721,Lt_PU,1.000539947537592,19,5,1.00000000446
20220721,Lt_PU,1.0008243575363234,20,5,1.00000000446
20220721,Lt_PU,1.0031177725260947,21,5,1.00000000446
20220721,Lt_PU,1.0023317425296003,22,5,1.00000000446
20220721,Lt_PU,0.9972081621524517,23,5,1.00000000446
20220721,Lt_PU,0.9975304536510142,24,5,1.00000000446
20220721,Lt_PU,0.9966264781550459,25,5,1.00000000446
20220721,Lt_PU,0.9955999577596243,26,5,1.00000000446
20220721,Lt_PU,0.9987900052453966,27,5,1.00000000446
20220721,Lt_PU,0.9949161961626738,28,5,1.00000000446
20220721,Lt_PU,0.9965112623555599,29,5,1.00000000446
20220721,Lt_PU,1.002380490529383,30,5,1.00000000446
20220721,Lt_PU,0.9975297200510175,31,5,1.00000000446
20220721,Lt_PU,1.0016673685325637,32,5,1.00000000446
20220721,Lt_PU,1.0032223415256285,33,5,1.00000000446
20220721,Lt_PU,1.002579409528496,34,5,1.00000000446
20220721,Lt_PU,1.004397096520389,35,5,1.00000000446
20220721,Lt_PU,1.0055331265153222,36,5,1.00000000446
20220721,Lt_PU,1.0076682775057997,37,5,1.00000000446
20220721,Lt_PU,0.9989591654446422,38,5,1.00000000446
20220721,Lt_PU,1.0009290875358563,39,5,1.00000000446
20220721,Lt_PU,0.9978794113494579,40,5,1.00000000446
20220721,Lt_PU,1.0084938545021176,41,5,1.00000000446
20220721,Lt_PU,1.002918642526983,42,5,1.00000000446
20220721,Lt_PU,1.0001773695392089,43,5,1.00000000446
20220721,Lt_PU,1.0011673085347939,44,5,1.00000000446
20220721,Lt_PU,1.0025106325288027,45,5,1.00000000446
20220721,Lt_PU,1.011829848487239,46,5,1.00000000446
20220721,Lt_PU,1.0025969975284175,47,5,1.00000000446
20220721,Lt_PU,0.9999657182401529,48,5,1.00000000446
20220721,Lt_PU,1.007014586508715,49,5,1.00000000446
20220721,Lt_PU,1.002976007526727,50,5,1.00000000446
20220721,Lt_PU,1.001875363531636,51,5,1.00000000446
20220721,Lt_PU,1.0005126485377136,52,5,1.00000000446
20220721,Lt_PU,1.0087579855009396,53,5,1.00000000446
20220721,Lt_PU,1.0018565425317199,54,5,1.00000000446
20220721,Lt_PU,1.003833917522901,55,5,1.00000000446
20220721,Lt_PU,1.0047868995186504,56,5,1.00000000446
20220721,Lt_PU,1.0036241025238366,57,5,1.00000000446
20220721,Lt_PU,1.0006279325371994,58,5,1.00000000446
20220721,Lt_PU,1.0063760875115628,59,5,1.00000000446
20220721,Lt_PU,0.9991363953438518,60,5,1.00000000446
20220721,Rt_CAU,0.9994128279239222,-4,5,1.00000000668
20220721,Rt_CAU,1.0042547052915785,-3,5,1.00000000668
20220721,Rt_CAU,1.0013044413112862,-2,5,1.00000000668
20220721,Rt_CAU,0.9970244698398765,-1,5,1.00000000668
20220721,Rt_CAU,0.9980035556333361,0,5,1.00000000668
20220721,Rt_CAU,0.9957170353486101,1,5,1.00000000668
20220721,Rt_CAU,0.997257616738319,2,5,1.00000000668
20220721,Rt_CAU,1.0020932293060172,3,5,1.00000000668
20220721,Rt_CAU,0.9901143974860357,4,5,1.00000000668
20220721,Rt_CAU,0.996762726041625,5,5,1.00000000668
20220721,Rt_CAU,0.9985382954297641,6,5,1.00000000668
20220721,Rt_CAU,0.9970189465399133,7,5,1.00000000668
20220721,Rt_CAU,0.9983362621311137,8,5,1.00000000668
20220721,Rt_CAU,0.9918747808742764,9,5,1.00000000668
20220721,Rt_CAU,0.9932080308653702,10,5,1.00000000668
20220721,Rt_CAU,0.994812111054655,11,5,1.00000000668
20220721,Rt_CAU,0.9998981290206803,12,5,1.00000000668
20220721,Rt_CAU,0.9994691477235459,13,5,1.00000000668
20220721,Rt_CAU,0.9951548046523658,14,5,1.00000000668
20220721,Rt_CAU,0.9983529249310024,15,5,1.00000000668
20220721,Rt_CAU,0.9975803957361629,16,5,1.00000000668
20220721,Rt_CAU,0.997351626537691,17,5,1.00000000668
20220721,Rt_CAU,0.9986439943290579,18,5,1.00000000668
20220721,Rt_CAU,0.9938338199611899,19,5,1.00000000668
20220721,Rt_CAU,0.9965860909428048,20,5,1.00000000668
20220721,Rt_CAU,0.9940116868600017,21,5,1.00000000668
20220721,Rt_CAU,0.9953322012511808,22,5,1.00000000668
20220721,Rt_CAU,0.9963126248446316,23,5,1.00000000668
20220721,Rt_CAU,0.9962579607449967,24,5,1.00000000668
20220721,Rt_CAU,0.9938239454612559,25,5,1.00000000668
20220721,Rt_CAU,0.9967312613418351,26,5,1.00000000668
20220721,Rt_CAU,0.9917943742748135,27,5,1.00000000668
20220721,Rt_CAU,0.9984291460304932,28,5,1.00000000668
20220721,Rt_CAU,0.9977110491352901,29,5,1.00000000668
20220721,Rt_CAU,0.9995890789227448,30,5,1.00000000668
20220721,Rt_CAU,0.9904946552834956,31,5,1.00000000668
20220721,Rt_CAU,0.9965575337429956,32,5,1.00000000668
20220721,Rt_CAU,0.9967111282419695,33,5,1.00000000668
20220721,Rt_CAU,1.0020162533065313,34,5,1.00000000668
20220721,Rt_CAU,1.0002567703182845,35,5,1.00000000668
20220721,Rt_CAU,0.9997511307216623,36,5,1.00000000668
20220721,Rt_CAU,0.9998114307212596,37,5,1.00000000668
20220721,Rt_CAU,0.9966190986425842,38,5,1.00000000668
20220721,Rt_CAU,0.9952244559519005,39,5,1.00000000668
20220721,Rt_CAU,0.99576796424827,40,5,1.00000000668
20220721,Rt_CAU,1.0046310882890641,41,5,1.00000000668
20220721,Rt_CAU,0.9979307386338226,42,5,1.00000000668
20220721,Rt_CAU,0.9973249236378694,43,5,1.00000000668
20220721,Rt_CAU,0.9986857109287793,44,5,1.00000000668
20220721,Rt_CAU,1.002637234302383,45,5,1.00000000668
20220721,Rt_CAU,1.0029253433004586,46,5,1.00000000668
20220721,Rt_CAU,1.0018695063075116,47,5,1.00000000668
20220721,Rt_CAU,1.003465076296853,48,5,1.00000000668
20220721,Rt_CAU,1.0052104992851938,49,5,1.00000000668
20220721,Rt_CAU,0.9995904895227353,50,5,1.00000000668
20220721,Rt_CAU,0.9982408284317511,51,5,1.00000000668
20220721,Rt_CAU,0.9977585540349728,52,5,1.00000000668
20220721,Rt_CAU,1.0053863992840186,53,5,1.00000000668
20220721,Rt_CAU,0.997511797436621,54,5,1.00000000668
20220721,Rt_CAU,0.9987805286281459,55,5,1.00000000668
20220721,Rt_CAU,0.9993488390243497,56,5,1.00000000668
20220721,Rt_CAU,1.0047589072882104,57,5,1.00000000668
20220721,Rt_CAU,1.0025591853029046,58,5,1.00000000668
20220721,Rt_CAU,0.9979947805333947,59,5,1.00000000668
20220721,Rt_CAU,0.9937589035616904,60,5,1.00000000668
20220721,Rt_INS,0.9973211342254493,-4,5,1.0000000095
20220721,Rt_INS,0.9985482747137915,-3,5,1.0000000095
20220721,Rt_INS,1.003375070467937,-2,5,1.0000000095
20220721,Rt_INS,1.0056861424459818,-1,5,1.0000000095
20220721,Rt_INS,0.9950693781468409,0,5,1.0000000095
20220721,Rt_INS,1.0033303014683623,1,5,1.0000000095
20220721,Rt_INS,1.0015079674856744,2,5,1.0000000095
20220721,Rt_INS,1.0064963994382843,3,5,1.0000000095
20220721,Rt_INS,1.0049759324527288,4,5,1.0000000095
20220721,Rt_INS,1.0027645374737368,5,5,1.0000000095
20220721,Rt_INS,1.0055803624469868,6,5,1.0000000095
20220721,Rt_INS,1.0011204894893555,7,5,1.0000000095
20220721,Rt_INS,1.0080388034236314,8,5,1.0000000095
20220721,Rt_INS,1.002390768477288,9,5,1.0000000095
20220721,Rt_INS,1.0078002564258977,10,5,1.0000000095
20220721,Rt_INS,1.005774425445143,11,5,1.0000000095
20220721,Rt_INS,1.0075786554280028,12,5,1.0000000095
20220721,Rt_INS,1.0041227844608336,13,5,1.0000000095
20220721,Rt_INS,1.0048212854541978,14,5,1.0000000095
20220721,Rt_INS,1.0098473334064504,15,5,1.0000000095
20220721,Rt_INS,1.0050183384523257,16,5,1.0000000095
20220721,Rt_INS,1.0051927174506694,17,5,1.0000000095
20220721,Rt_INS,0.9975599254231807,18,5,1.0000000095
20220721,Rt_INS,1.0052603144500272,19,5,1.0000000095
20220721,Rt_INS,1.0066751594365861,20,5,1.0000000095
20220721,Rt_INS,1.0087132684172242,21,5,1.0000000095
20220721,Rt_INS,1.0073568784301097,22,5,1.0000000095
20220721,Rt_INS,1.0051333334512333,23,5,1.0000000095
20220721,Rt_INS,1.0015188924855705,24,5,1.0000000095
20220721,Rt_INS,1.0010010204904904,25,5,1.0000000095
20220721,Rt_INS,1.011888327387061,26,5,1.0000000095
20220721,Rt_INS,1.0043685344584992,27,5,1.0000000095
20220721,Rt_INS,1.0019572224814066,28,5,1.0000000095
20220721,Rt_INS,1.0163423503447477,29,5,1.0000000095
20220721,Rt_INS,1.007236936431249,30,5,1.0000000095
20220721,Rt_INS,1.011217280393436,31,5,1.0000000095
20220721,Rt_INS,1.0069633004338487,32,5,1.0000000095
20220721,Rt_INS,1.008709811417257,33,5,1.0000000095
20220721,Rt_INS,1.0040947494610999,34,5,1.0000000095
20220721,Rt_INS,1.0025063064761903,35,5,1.0000000095
20220721,Rt_INS,1.0104268214009453,36,5,1.0000000095
20220721,Rt_INS,1.0103452314017205,37,5,1.0000000095
20220721,Rt_INS,1.0048483964539403,38,5,1.0000000095
20220721,Rt_INS,1.0102837824023043,39,5,1.0000000095
20220721,Rt_INS,1.008335908420809,40,5,1.0000000095
20220721,Rt_INS,1.0033056254685966,41,5,1.0000000095
20220721,Rt_INS,1.004761897454762,42,5,1.0000000095
20220721,Rt_INS,1.0081939724221574,43,5,1.0000000095
20220721,Rt_INS,1.0088025714163757,44,5,1.0000000095
20220721,Rt_INS,1.0111759563938285,45,5,1.0000000095
20220721,Rt_INS,1.0046108274561971,46,5,1.0000000095
20220721,Rt_INS,1.009024422414268,47,5,1.0000000095
20220721,Rt_INS,1.000324654496916,48,5,1.0000000095
20220721,Rt_INS,1.0091378174131909,49,5,1.0000000095
20220721,Rt_INS,1.006752338435853,50,5,1.0000000095
20220721,Rt_INS,1.0080802764232375,51,5,1.0000000095
20220721,Rt_INS,1.0091555294130226,52,5,1.0000000095
20220721,Rt_INS,1.011022647395285,53,5,1.0000000095
20220721,Rt_INS,1.010873910396698,54,5,1.0000000095
20220721,Rt_INS,1.0023814434773763,55,5,1.0000000095
20220721,Rt_INS,1.0024573524766551,56,5,1.0000000095
20220721,Rt_INS,1.004342010458751,57,5,1.0000000095
20220721,Rt_INS,1.0121616443844645,58,5,1.0000000095
20220721,Rt_INS,1.0092355034122626,59,5,1.0000000095
20220721,Rt_INS,1.0107843573975488,60,5,1.0000000095
20220721,Rt_M1,0.9954611896564889,-4,5,0.99999999482
20220721,Rt_M1,1.0003136261816246,-3,5,0.99999999482
20220721,Rt_M1,1.0028014421945115,-2,5,0.99999999482
20220721,Rt_M1,0.9980242527697656,-1,5,0.99999999482
20220721,Rt_M1,1.0033994891976092,0,5,0.99999999482
20220721,Rt_M1,1.0023151761919926,1,5,0.99999999482
20220721,Rt_M1,1.001534564187949,2,5,0.99999999482
20220721,Rt_M1,1.0016491091885422,3,5,0.99999999482
20220721,Rt_M1,0.9998423285791832,4,5,0.99999999482
20220721,Rt_M1,0.9970370247646518,5,5,0.99999999482
20220721,Rt_M1,1.0032168861966635,6,5,0.99999999482
20220721,Rt_M1,1.0011422831859171,7,5,0.99999999482
20220721,Rt_M1,1.00313903119626,8,5,0.99999999482
20220721,Rt_M1,0.9970825887648878,9,5,0.99999999482
20220721,Rt_M1,1.0020509001906237,10,5,0.99999999482
20220721,Rt_M1,1.0039005402002048,11,5,0.99999999482
20220721,Rt_M1,1.0007800921840408,12,5,0.99999999482
20220721,Rt_M1,1.0041978972017451,13,5,0.99999999482
20220721,Rt_M1,1.0002691871813945,14,5,0.99999999482
20220721,Rt_M1,1.0037411581993791,15,5,0.99999999482
20220721,Rt_M1,1.0030838561959743,16,5,0.99999999482
20220721,Rt_M1,1.0018792951897346,17,5,0.99999999482
20220721,Rt_M1,1.0040326882008892,18,5,0.99999999482
20220721,Rt_M1,0.9982268750708152,19,5,0.99999999482
20220721,Rt_M1,1.00259266919343,20,5,0.99999999482
20220721,Rt_M1,1.0008164431842292,21,5,0.99999999482
20220721,Rt_M1,1.0037793081995767,22,5,0.99999999482
20220721,Rt_M1,1.0001352701807007,23,5,0.99999999482
20220721,Rt_M1,1.0038393261998877,24,5,0.99999999482
20220721,Rt_M1,0.9988003946737861,25,5,0.99999999482
20220721,Rt_M1,1.0053284442076011,26,5,0.99999999482
20220721,Rt_M1,1.0052320632071021,27,5,0.99999999482
20220721,Rt_M1,1.0026503141937286,28,5,0.99999999482
20220721,Rt_M1,1.0045742182036943,29,5,0.99999999482
20220721,Rt_M1,1.0050059532059308,30,5,0.99999999482
20220721,Rt_M1,1.003946727200444,31,5,0.99999999482
20220721,Rt_M1,1.0008534131844207,32,5,0.99999999482
20220721,Rt_M1,1.0037392131993692,33,5,0.99999999482
20220721,Rt_M1,1.0048812232052846,34,5,0.99999999482
20220721,Rt_M1,1.002839574194709,35,5,0.99999999482
20220721,Rt_M1,1.0051006202064212,36,5,0.99999999482
20220721,Rt_M1,1.0015285181879177,37,5,0.99999999482
20220721,Rt_M1,1.003905786200232,38,5,0.99999999482
20220721,Rt_M1,1.0035510081983943,39,5,0.99999999482
20220721,Rt_M1,0.9986394173729521,40,5,0.99999999482
20220721,Rt_M1,1.0081379612221546,41,5,0.99999999482
20220721,Rt_M1,1.002228917191546,42,5,0.99999999482
20220721,Rt_M1,1.0046752372042178,43,5,0.99999999482
20220721,Rt_M1,1.0049126272054474,44,5,0.99999999482
20220721,Rt_M1,1.0081303432221151,45,5,0.99999999482
20220721,Rt_M1,1.0013369071869251,46,5,0.99999999482
20220721,Rt_M1,1.0039170842002905,47,5,0.99999999482
20220721,Rt_M1,1.007038058216457,48,5,0.99999999482
20220721,Rt_M1,0.9994630343772185,49,5,0.99999999482
20220721,Rt_M1,1.0030845711959782,50,5,0.99999999482
20220721,Rt_M1,1.006128614211746,51,5,0.99999999482
20220721,Rt_M1,1.003527237198271,52,5,0.99999999482
20220721,Rt_M1,1.0037474121994117,53,5,0.99999999482
20220721,Rt_M1,0.9993284917765215,54,5,0.99999999482
20220721,Rt_M1,1.0001721061808915,55,5,0.99999999482
20220721,Rt_M1,0.9967927984633868,56,5,0.99999999482
20220721,Rt_M1,0.9993841438768098,57,5,0.99999999482
20220721,Rt_M1,1.0014706941876181,58,5,0.99999999482
20220721,Rt_M1,1.0004024481820848,59,5,0.99999999482
20220721,Rt_M1,0.9996637306782582,60,5,0.99999999482
20220721,Rt_PU,0.9977161429210962,-4,5,1.00000000048
20220721,Rt_PU,1.0043320475179205,-3,5,1.00000000048
20220721,Rt_PU,0.997578927221162,-2,5,1.00000000048
20220721,Rt_PU,0.9990924388204356,-1,5,1.00000000048
20220721,Rt_PU,1.0012804435193854,0,5,1.00000000048
20220721,Rt_PU,0.9985283797207063,1,5,1.00000000048
20220721,Rt_PU,0.9946848207225513,2,5,1.00000000048
20220721,Rt_PU,0.9999838190200078,3,5,1.00000000048
20220721,Rt_PU,0.9924336943236318,4,5,1.00000000048
20220721,Rt_PU,0.9988555685205494,5,5,1.00000000048
20220721,Rt_PU,0.9979520697209829,6,5,1.00000000048
20220721,Rt_PU,0.995789568122021,7,5,1.00000000048
20220721,Rt_PU,0.9943096880227313,8,5,1.00000000048
20220721,Rt_PU,0.9927618658234743,9,5,1.00000000048
20220721,Rt_PU,0.9926582933235241,10,5,1.00000000048
20220721,Rt_PU,0.9969148442214809,11,5,1.00000000048
20220721,Rt_PU,1.001278924519386,12,5,1.00000000048
20220721,Rt_PU,0.9991897688203889,13,5,1.00000000048
20220721,Rt_PU,1.001230912519409,14,5,1.00000000048
20220721,Rt_PU,1.0011692405194386,15,5,1.00000000048
20220721,Rt_PU,1.0037864475181826,16,5,1.00000000048
20220721,Rt_PU,0.9972309538213291,17,5,1.00000000048
20220721,Rt_PU,1.0009538885195421,18,5,1.00000000048
20220721,Rt_PU,0.9982172522208557,19,5,1.00000000048
20220721,Rt_PU,0.9995385302202214,20,5,1.00000000048
20220721,Rt_PU,0.9967421172215637,21,5,1.00000000048
20220721,Rt_PU,1.0010379755195018,22,5,1.00000000048
20220721,Rt_PU,0.9959341791219515,23,5,1.00000000048
20220721,Rt_PU,0.9982824044208244,24,5,1.00000000048
20220721,Rt_PU,0.9964864903216865,25,5,1.00000000048
20220721,Rt_PU,0.9966930539215872,26,5,1.00000000048
20220721,Rt_PU,0.9968045378215338,27,5,1.00000000048
20220721,Rt_PU,0.9931027274233106,28,5,1.00000000048
20220721,Rt_PU,0.9944546625226617,29,5,1.00000000048
20220721,Rt_PU,0.9995300271202255,30,5,1.00000000048
20220721,Rt_PU,0.9950923987223557,31,5,1.00000000048
20220721,Rt_PU,0.9981235043209007,32,5,1.00000000048
20220721,Rt_PU,1.0015508385192557,33,5,1.00000000048
20220721,Rt_PU,1.0046465685177695,34,5,1.00000000048
20220721,Rt_PU,1.0055390855173412,35,5,1.00000000048
20220721,Rt_PU,1.0021534015189664,36,5,1.00000000048
20220721,Rt_PU,1.004701894517743,37,5,1.00000000048
20220721,Rt_PU,0.9963962576217298,38,5,1.00000000048
20220721,Rt_PU,0.9973378991212777,39,5,1.00000000048
20220721,Rt_PU,0.9970090457214356,40,5,1.00000000048
20220721,Rt_PU,1.0085580065158921,41,5,1.00000000048
20220721,Rt_PU,1.0007410145196443,42,5,1.00000000048
20220721,Rt_PU,0.9977773118210669,43,5,1.00000000048
20220721,Rt_PU,1.0012362345194066,44,5,1.00000000048
20220721,Rt_PU,1.0001634105199215,45,5,1.00000000048
20220721,Rt_PU,1.0079300455161935,46,5,1.00000000048
20220721,Rt_PU,1.0001461515199297,47,5,1.00000000048
20220721,Rt_PU,1.0024549565188217,48,5,1.00000000048
20220721,Rt_PU,1.0060060705171172,49,5,1.00000000048
20220721,Rt_PU,1.004087438518038,50,5,1.00000000048
20220721,Rt_PU,0.9965719663216455,51,5,1.00000000048
20220721,Rt_PU,0.9945254466226278,52,5,1.00000000048
20220721,Rt_PU,1.002278779518906,53,5,1.00000000048
20220721,Rt_PU,0.9949181555224392,54,5,1.00000000048
20220721,Rt_PU,1.0017421935191637,55,5,1.00000000048
20220721,Rt_PU,1.001892121519092,56,5,1.00000000048
20220721,Rt_PU,1.004347691517913,57,5,1.00000000048
20220721,Rt_PU,0.9994951671202423,58,5,1.00000000048
20220721,Rt_PU,1.0020335875190238,59,5,1.00000000048
20220721,Rt_PU,0.998266511820832,60,5,1.00000000048
